source_id,metric_id,entity,period,period_date,published_at,value,value_unit,change_pct,chain,dimension,source,source_url,knowledge_time_method
mops_abf_monthly_revenue,abf_company_revenue_yoy::3037.TW,欣興,2024-01,2024-01-30 16:00:00+00:00,2024-02-10 15:59:59+00:00,9222048.0,TWD thousand,-6.189325881957652,ABF,financial_confirmation,FinMind TaiwanStockMonthRevenue (MOPS-derived),https://api.finmindtrade.com/api/v4/data,regulatory_deadline_proxy
mops_abf_monthly_revenue,abf_company_revenue_yoy::3189.TW,景碩,2024-01,2024-01-30 16:00:00+00:00,2024-02-10 15:59:59+00:00,2313032.0,TWD thousand,8.972203285704383,ABF,financial_confirmation,FinMind TaiwanStockMonthRevenue (MOPS-derived),https://api.finmindtrade.com/api/v4/data,regulatory_deadline_proxy
mops_abf_monthly_revenue,abf_company_revenue_yoy::8046.TW,南電,2024-01,2024-01-30 16:00:00+00:00,2024-02-10 15:59:59+00:00,2561593.0,TWD thousand,-37.6088152632793,ABF,financial_confirmation,FinMind TaiwanStockMonthRevenue (MOPS-derived),https://api.finmindtrade.com/api/v4/data,regulatory_deadline_proxy
tpca_public_industry,ccl_export_yoy,Taiwan PCB industry,2024-01,2024-01-30 16:00:00+00:00,2024-02-20 15:59:59+00:00,23.6,percent,23.6,CCL,physical_throughput,TPCA public industry chart,https://www.tpca.org.tw/web/news_detail.php?menu_no=312&mod_no=184&news_no=22133,page_publication_date
tpca_public_industry,ccl_import_yoy,Taiwan PCB industry,2024-01,2024-01-30 16:00:00+00:00,2024-02-20 15:59:59+00:00,87.0,percent,87.0,CCL,market_tightness,TPCA public industry chart,https://www.tpca.org.tw/web/news_detail.php?menu_no=312&mod_no=184&news_no=22132,page_publication_date
tpca_public_industry,pcb_material_revenue_yoy,Taiwan PCB industry,2024-01,2024-01-30 16:00:00+00:00,2024-02-20 15:59:59+00:00,13.7,percent,13.7,CCL,physical_throughput,TPCA public industry chart,https://www.tpca.org.tw/web/news_detail.php?menu_no=312&mod_no=184&news_no=22134,page_publication_date
tpca_public_industry,pcb_revenue_yoy,Taiwan PCB industry,2024-01,2024-01-30 16:00:00+00:00,2024-02-19 15:59:59+00:00,7.05,percent,7.05,Networking,physical_throughput,TPCA public industry chart,https://www.tpca.org.tw/web/news_detail.php?menu_no=312&mod_no=184&news_no=22105,page_publication_date
tpca_public_industry,rigid_pcb_export_yoy,Taiwan PCB industry,2024-01,2024-01-30 16:00:00+00:00,2024-02-19 15:59:59+00:00,1.69,percent,1.69,Networking,physical_throughput,TPCA public industry chart,https://www.tpca.org.tw/web/news_detail.php?menu_no=312&mod_no=184&news_no=22106,page_publication_date
mops_abf_monthly_revenue,abf_company_revenue_yoy::3037.TW,欣興,2024-02,2024-02-28 16:00:00+00:00,2024-03-10 15:59:59+00:00,8279814.0,TWD thousand,2.576372488448442,ABF,financial_confirmation,FinMind TaiwanStockMonthRevenue (MOPS-derived),https://api.finmindtrade.com/api/v4/data,regulatory_deadline_proxy
mops_abf_monthly_revenue,abf_company_revenue_yoy::3189.TW,景碩,2024-02,2024-02-28 16:00:00+00:00,2024-03-10 15:59:59+00:00,2238258.0,TWD thousand,6.088684277506995,ABF,financial_confirmation,FinMind TaiwanStockMonthRevenue (MOPS-derived),https://api.finmindtrade.com/api/v4/data,regulatory_deadline_proxy
mops_abf_monthly_revenue,abf_company_revenue_yoy::8046.TW,南電,2024-02,2024-02-28 16:00:00+00:00,2024-03-10 15:59:59+00:00,1872631.0,TWD thousand,-54.43149202393973,ABF,financial_confirmation,FinMind TaiwanStockMonthRevenue (MOPS-derived),https://api.finmindtrade.com/api/v4/data,regulatory_deadline_proxy
tpca_public_industry,ccl_export_yoy,Taiwan PCB industry,2024-02,2024-02-28 16:00:00+00:00,2024-03-20 15:59:59+00:00,4.2,percent,4.2,CCL,physical_throughput,TPCA public industry chart,https://www.tpca.org.tw/web/news_detail.php?menu_no=312&mod_no=184&news_no=23275,page_publication_date
tpca_public_industry,ccl_import_yoy,Taiwan PCB industry,2024-02,2024-02-28 16:00:00+00:00,2024-03-20 15:59:59+00:00,-10.3,percent,-10.3,CCL,market_tightness,TPCA public industry chart,https://www.tpca.org.tw/web/news_detail.php?menu_no=312&mod_no=184&news_no=23274,page_publication_date
tpca_public_industry,pcb_material_revenue_yoy,Taiwan PCB industry,2024-02,2024-02-28 16:00:00+00:00,2024-03-20 15:59:59+00:00,-16.5,percent,-16.5,CCL,physical_throughput,TPCA public industry chart,https://www.tpca.org.tw/web/news_detail.php?menu_no=312&mod_no=184&news_no=23276,page_publication_date
tpca_public_industry,pcb_revenue_yoy,Taiwan PCB industry,2024-02,2024-02-28 16:00:00+00:00,2024-03-13 15:59:59+00:00,-9.21,percent,-9.21,Networking,physical_throughput,TPCA public industry chart,https://www.tpca.org.tw/web/news_detail.php?menu_no=312&mod_no=184&news_no=23244,page_publication_date
tpca_public_industry,rigid_pcb_export_yoy,Taiwan PCB industry,2024-02,2024-02-28 16:00:00+00:00,2024-03-13 15:59:59+00:00,-17.37,percent,-17.37,Networking,physical_throughput,TPCA public industry chart,https://www.tpca.org.tw/web/news_detail.php?menu_no=312&mod_no=184&news_no=23246,page_publication_date
mops_abf_monthly_revenue,abf_company_revenue_yoy::3037.TW,欣興,2024-03,2024-03-30 16:00:00+00:00,2024-04-10 15:59:59+00:00,8900957.0,TWD thousand,2.736573427283706,ABF,financial_confirmation,FinMind TaiwanStockMonthRevenue (MOPS-derived),https://api.finmindtrade.com/api/v4/data,regulatory_deadline_proxy
mops_abf_monthly_revenue,abf_company_revenue_yoy::3189.TW,景碩,2024-03,2024-03-30 16:00:00+00:00,2024-04-10 15:59:59+00:00,2443094.0,TWD thousand,-6.104906339116201,ABF,financial_confirmation,FinMind TaiwanStockMonthRevenue (MOPS-derived),https://api.finmindtrade.com/api/v4/data,regulatory_deadline_proxy
mops_abf_monthly_revenue,abf_company_revenue_yoy::8046.TW,南電,2024-03,2024-03-30 16:00:00+00:00,2024-04-10 15:59:59+00:00,2666348.0,TWD thousand,-38.92192716714676,ABF,financial_confirmation,FinMind TaiwanStockMonthRevenue (MOPS-derived),https://api.finmindtrade.com/api/v4/data,regulatory_deadline_proxy
tpca_public_industry,ccl_export_yoy,Taiwan PCB industry,2024-03,2024-03-30 16:00:00+00:00,2024-04-15 15:59:59+00:00,4.2,percent,4.2,CCL,physical_throughput,TPCA public industry chart,https://www.tpca.org.tw/web/news_detail.php?menu_no=312&mod_no=184&news_no=23385,page_publication_date
tpca_public_industry,ccl_import_yoy,Taiwan PCB industry,2024-03,2024-03-30 16:00:00+00:00,2024-04-15 15:59:59+00:00,41.4,percent,41.4,CCL,market_tightness,TPCA public industry chart,https://www.tpca.org.tw/web/news_detail.php?menu_no=312&mod_no=184&news_no=23384,page_publication_date
tpca_public_industry,pcb_material_revenue_yoy,Taiwan PCB industry,2024-03,2024-03-30 16:00:00+00:00,2024-04-15 15:59:59+00:00,-3.5,percent,-3.5,CCL,physical_throughput,TPCA public industry chart,https://www.tpca.org.tw/web/news_detail.php?menu_no=312&mod_no=184&news_no=23387,page_publication_date
tpca_public_industry,pcb_revenue_yoy,Taiwan PCB industry,2024-03,2024-03-30 16:00:00+00:00,2024-04-17 15:59:59+00:00,1.27,percent,1.27,Networking,physical_throughput,TPCA public industry chart,https://www.tpca.org.tw/web/news_detail.php?menu_no=312&mod_no=184&news_no=23402,page_publication_date
tpca_public_industry,rigid_pcb_export_yoy,Taiwan PCB industry,2024-03,2024-03-30 16:00:00+00:00,2024-04-17 15:59:59+00:00,28.8,percent,28.8,Networking,physical_throughput,TPCA public industry chart,https://www.tpca.org.tw/web/news_detail.php?menu_no=312&mod_no=184&news_no=23406,page_publication_date
mops_abf_monthly_revenue,abf_company_revenue_yoy::3037.TW,欣興,2024-04,2024-04-29 16:00:00+00:00,2024-05-10 15:59:59+00:00,9361971.0,TWD thousand,11.867864547933891,ABF,financial_confirmation,FinMind TaiwanStockMonthRevenue (MOPS-derived),https://api.finmindtrade.com/api/v4/data,regulatory_deadline_proxy
mops_abf_monthly_revenue,abf_company_revenue_yoy::3189.TW,景碩,2024-04,2024-04-29 16:00:00+00:00,2024-05-10 15:59:59+00:00,2388468.0,TWD thousand,10.400785411462788,ABF,financial_confirmation,FinMind TaiwanStockMonthRevenue (MOPS-derived),https://api.finmindtrade.com/api/v4/data,regulatory_deadline_proxy
mops_abf_monthly_revenue,abf_company_revenue_yoy::8046.TW,南電,2024-04,2024-04-29 16:00:00+00:00,2024-05-10 15:59:59+00:00,2676047.0,TWD thousand,-27.857277458032737,ABF,financial_confirmation,FinMind TaiwanStockMonthRevenue (MOPS-derived),https://api.finmindtrade.com/api/v4/data,regulatory_deadline_proxy
tpca_public_industry,ccl_export_yoy,Taiwan PCB industry,2024-04,2024-04-29 16:00:00+00:00,2024-05-21 15:59:59+00:00,17.2,percent,17.2,CCL,physical_throughput,TPCA public industry chart,https://www.tpca.org.tw/web/news_detail.php?menu_no=312&mod_no=184&news_no=23558,page_publication_date
tpca_public_industry,ccl_import_yoy,Taiwan PCB industry,2024-04,2024-04-29 16:00:00+00:00,2024-05-21 15:59:59+00:00,48.0,percent,48.0,CCL,market_tightness,TPCA public industry chart,https://www.tpca.org.tw/web/news_detail.php?menu_no=312&mod_no=184&news_no=23557,page_publication_date
tpca_public_industry,pcb_material_revenue_yoy,Taiwan PCB industry,2024-04,2024-04-29 16:00:00+00:00,2024-05-21 15:59:59+00:00,13.6,percent,13.6,CCL,physical_throughput,TPCA public industry chart,https://www.tpca.org.tw/web/news_detail.php?menu_no=312&mod_no=184&news_no=23559,page_publication_date
tpca_public_industry,pcb_revenue_yoy,Taiwan PCB industry,2024-04,2024-04-29 16:00:00+00:00,2024-05-13 15:59:59+00:00,15.27,percent,15.27,Networking,physical_throughput,TPCA public industry chart,https://www.tpca.org.tw/web/news_detail.php?menu_no=312&mod_no=184&news_no=23501,page_publication_date
tpca_public_industry,rigid_pcb_export_yoy,Taiwan PCB industry,2024-04,2024-04-29 16:00:00+00:00,2024-05-13 15:59:59+00:00,-2.19,percent,-2.19,Networking,physical_throughput,TPCA public industry chart,https://www.tpca.org.tw/web/news_detail.php?menu_no=312&mod_no=184&news_no=23503,page_publication_date
mops_abf_monthly_revenue,abf_company_revenue_yoy::3037.TW,欣興,2024-05,2024-05-30 16:00:00+00:00,2024-06-10 15:59:59+00:00,9643831.0,TWD thousand,12.159297370862763,ABF,financial_confirmation,FinMind TaiwanStockMonthRevenue (MOPS-derived),https://api.finmindtrade.com/api/v4/data,regulatory_deadline_proxy
mops_abf_monthly_revenue,abf_company_revenue_yoy::3189.TW,景碩,2024-05,2024-05-30 16:00:00+00:00,2024-06-10 15:59:59+00:00,2511206.0,TWD thousand,10.104298932983502,ABF,financial_confirmation,FinMind TaiwanStockMonthRevenue (MOPS-derived),https://api.finmindtrade.com/api/v4/data,regulatory_deadline_proxy
mops_abf_monthly_revenue,abf_company_revenue_yoy::8046.TW,南電,2024-05,2024-05-30 16:00:00+00:00,2024-06-10 15:59:59+00:00,2699432.0,TWD thousand,-19.14561464359376,ABF,financial_confirmation,FinMind TaiwanStockMonthRevenue (MOPS-derived),https://api.finmindtrade.com/api/v4/data,regulatory_deadline_proxy
tpca_public_industry,ccl_export_yoy,Taiwan PCB industry,2024-05,2024-05-30 16:00:00+00:00,2024-06-18 15:59:59+00:00,16.7,percent,16.7,CCL,physical_throughput,TPCA public industry chart,https://www.tpca.org.tw/web/news_detail.php?menu_no=312&mod_no=184&news_no=23666,page_publication_date
tpca_public_industry,ccl_import_yoy,Taiwan PCB industry,2024-05,2024-05-30 16:00:00+00:00,2024-06-18 15:59:59+00:00,77.2,percent,77.2,CCL,market_tightness,TPCA public industry chart,https://www.tpca.org.tw/web/news_detail.php?menu_no=312&mod_no=184&news_no=23665,page_publication_date
tpca_public_industry,pcb_material_revenue_yoy,Taiwan PCB industry,2024-05,2024-05-30 16:00:00+00:00,2024-06-18 15:59:59+00:00,12.5,percent,12.5,CCL,physical_throughput,TPCA public industry chart,https://www.tpca.org.tw/web/news_detail.php?menu_no=312&mod_no=184&news_no=23667,page_publication_date
tpca_public_industry,pcb_revenue_yoy,Taiwan PCB industry,2024-05,2024-05-30 16:00:00+00:00,2024-06-11 15:59:59+00:00,9.67,percent,9.67,Networking,physical_throughput,TPCA public industry chart,https://www.tpca.org.tw/web/news_detail.php?menu_no=312&mod_no=184&news_no=23639,page_publication_date
tpca_public_industry,rigid_pcb_export_yoy,Taiwan PCB industry,2024-05,2024-05-30 16:00:00+00:00,2024-06-11 15:59:59+00:00,8.52,percent,8.52,Networking,physical_throughput,TPCA public industry chart,https://www.tpca.org.tw/web/news_detail.php?menu_no=312&mod_no=184&news_no=23628,page_publication_date
mops_abf_monthly_revenue,abf_company_revenue_yoy::3037.TW,欣興,2024-06,2024-06-29 16:00:00+00:00,2024-07-10 15:59:59+00:00,8871595.0,TWD thousand,7.303009495758062,ABF,financial_confirmation,FinMind TaiwanStockMonthRevenue (MOPS-derived),https://api.finmindtrade.com/api/v4/data,regulatory_deadline_proxy
mops_abf_monthly_revenue,abf_company_revenue_yoy::3189.TW,景碩,2024-06,2024-06-29 16:00:00+00:00,2024-07-10 15:59:59+00:00,2400808.0,TWD thousand,18.96843491717877,ABF,financial_confirmation,FinMind TaiwanStockMonthRevenue (MOPS-derived),https://api.finmindtrade.com/api/v4/data,regulatory_deadline_proxy
mops_abf_monthly_revenue,abf_company_revenue_yoy::8046.TW,南電,2024-06,2024-06-29 16:00:00+00:00,2024-07-10 15:59:59+00:00,2745127.0,TWD thousand,-11.035120866727375,ABF,financial_confirmation,FinMind TaiwanStockMonthRevenue (MOPS-derived),https://api.finmindtrade.com/api/v4/data,regulatory_deadline_proxy
tpca_public_industry,ccl_export_yoy,Taiwan PCB industry,2024-06,2024-06-29 16:00:00+00:00,2024-07-19 15:59:59+00:00,34.4,percent,34.4,CCL,physical_throughput,TPCA public industry chart,https://www.tpca.org.tw/web/news_detail.php?menu_no=312&mod_no=184&news_no=25804,page_publication_date
tpca_public_industry,ccl_import_yoy,Taiwan PCB industry,2024-06,2024-06-29 16:00:00+00:00,2024-07-19 15:59:59+00:00,66.3,percent,66.3,CCL,market_tightness,TPCA public industry chart,https://www.tpca.org.tw/web/news_detail.php?menu_no=312&mod_no=184&news_no=25803,page_publication_date
tpca_public_industry,pcb_material_revenue_yoy,Taiwan PCB industry,2024-06,2024-06-29 16:00:00+00:00,2024-07-19 15:59:59+00:00,17.7,percent,17.7,CCL,physical_throughput,TPCA public industry chart,https://www.tpca.org.tw/web/news_detail.php?menu_no=312&mod_no=184&news_no=25805,page_publication_date
tpca_public_industry,pcb_revenue_yoy,Taiwan PCB industry,2024-06,2024-06-29 16:00:00+00:00,2024-07-15 15:59:59+00:00,11.36,percent,11.36,Networking,physical_throughput,TPCA public industry chart,https://www.tpca.org.tw/web/news_detail.php?menu_no=312&mod_no=184&news_no=25775,page_publication_date
tpca_public_industry,rigid_pcb_export_yoy,Taiwan PCB industry,2024-06,2024-06-29 16:00:00+00:00,2024-07-15 15:59:59+00:00,-4.29,percent,-4.29,Networking,physical_throughput,TPCA public industry chart,https://www.tpca.org.tw/web/news_detail.php?menu_no=312&mod_no=184&news_no=25777,page_publication_date
mops_abf_monthly_revenue,abf_company_revenue_yoy::3037.TW,欣興,2024-07,2024-07-30 16:00:00+00:00,2024-08-10 15:59:59+00:00,10051113.0,TWD thousand,17.296780157309666,ABF,financial_confirmation,FinMind TaiwanStockMonthRevenue (MOPS-derived),https://api.finmindtrade.com/api/v4/data,regulatory_deadline_proxy
mops_abf_monthly_revenue,abf_company_revenue_yoy::3189.TW,景碩,2024-07,2024-07-30 16:00:00+00:00,2024-08-10 15:59:59+00:00,2692121.0,TWD thousand,39.116412776844456,ABF,financial_confirmation,FinMind TaiwanStockMonthRevenue (MOPS-derived),https://api.finmindtrade.com/api/v4/data,regulatory_deadline_proxy
mops_abf_monthly_revenue,abf_company_revenue_yoy::8046.TW,南電,2024-07,2024-07-30 16:00:00+00:00,2024-08-10 15:59:59+00:00,3125412.0,TWD thousand,-6.242637267433649,ABF,financial_confirmation,FinMind TaiwanStockMonthRevenue (MOPS-derived),https://api.finmindtrade.com/api/v4/data,regulatory_deadline_proxy
tpca_public_industry,ccl_export_yoy,Taiwan PCB industry,2024-07,2024-07-30 16:00:00+00:00,2024-08-19 15:59:59+00:00,27.2,percent,27.2,CCL,physical_throughput,TPCA public industry chart,https://www.tpca.org.tw/web/news_detail.php?menu_no=312&mod_no=184&news_no=25920,page_publication_date
tpca_public_industry,ccl_import_yoy,Taiwan PCB industry,2024-07,2024-07-30 16:00:00+00:00,2024-08-19 15:59:59+00:00,36.6,percent,36.6,CCL,market_tightness,TPCA public industry chart,https://www.tpca.org.tw/web/news_detail.php?menu_no=312&mod_no=184&news_no=25919,page_publication_date
tpca_public_industry,pcb_material_revenue_yoy,Taiwan PCB industry,2024-07,2024-07-30 16:00:00+00:00,2024-08-19 15:59:59+00:00,7.0,percent,7.0,CCL,physical_throughput,TPCA public industry chart,https://www.tpca.org.tw/web/news_detail.php?menu_no=312&mod_no=184&news_no=25921,page_publication_date
tpca_public_industry,pcb_revenue_yoy,Taiwan PCB industry,2024-07,2024-07-30 16:00:00+00:00,2024-08-14 15:59:59+00:00,14.62,percent,14.62,Networking,physical_throughput,TPCA public industry chart,https://www.tpca.org.tw/web/news_detail.php?menu_no=312&mod_no=184&news_no=25907,page_publication_date
tpca_public_industry,rigid_pcb_export_yoy,Taiwan PCB industry,2024-07,2024-07-30 16:00:00+00:00,2024-08-14 15:59:59+00:00,-3.74,percent,-3.74,Networking,physical_throughput,TPCA public industry chart,https://www.tpca.org.tw/web/news_detail.php?menu_no=312&mod_no=184&news_no=25908,page_publication_date
mops_abf_monthly_revenue,abf_company_revenue_yoy::3037.TW,欣興,2024-08,2024-08-30 16:00:00+00:00,2024-09-10 15:59:59+00:00,10823395.0,TWD thousand,17.41789644668421,ABF,financial_confirmation,FinMind TaiwanStockMonthRevenue (MOPS-derived),https://api.finmindtrade.com/api/v4/data,regulatory_deadline_proxy
mops_abf_monthly_revenue,abf_company_revenue_yoy::3189.TW,景碩,2024-08,2024-08-30 16:00:00+00:00,2024-09-10 15:59:59+00:00,2858462.0,TWD thousand,34.03616703515184,ABF,financial_confirmation,FinMind TaiwanStockMonthRevenue (MOPS-derived),https://api.finmindtrade.com/api/v4/data,regulatory_deadline_proxy
mops_abf_monthly_revenue,abf_company_revenue_yoy::8046.TW,南電,2024-08,2024-08-30 16:00:00+00:00,2024-09-10 15:59:59+00:00,3097645.0,TWD thousand,-8.194913450897623,ABF,financial_confirmation,FinMind TaiwanStockMonthRevenue (MOPS-derived),https://api.finmindtrade.com/api/v4/data,regulatory_deadline_proxy
tpca_public_industry,ccl_export_yoy,Taiwan PCB industry,2024-08,2024-08-30 16:00:00+00:00,2024-09-17 15:59:59+00:00,33.0,percent,33.0,CCL,physical_throughput,TPCA public industry chart,https://www.tpca.org.tw/web/news_detail.php?menu_no=312&mod_no=184&news_no=26041,page_publication_date
tpca_public_industry,ccl_import_yoy,Taiwan PCB industry,2024-08,2024-08-30 16:00:00+00:00,2024-09-17 15:59:59+00:00,34.4,percent,34.4,CCL,market_tightness,TPCA public industry chart,https://www.tpca.org.tw/web/news_detail.php?menu_no=312&mod_no=184&news_no=26040,page_publication_date
tpca_public_industry,pcb_material_revenue_yoy,Taiwan PCB industry,2024-08,2024-08-30 16:00:00+00:00,2024-09-17 15:59:59+00:00,3.3,percent,3.3,CCL,physical_throughput,TPCA public industry chart,https://www.tpca.org.tw/web/news_detail.php?menu_no=312&mod_no=184&news_no=26042,page_publication_date
tpca_public_industry,pcb_revenue_yoy,Taiwan PCB industry,2024-08,2024-08-30 16:00:00+00:00,2024-09-11 15:59:59+00:00,12.06,percent,12.06,Networking,physical_throughput,TPCA public industry chart,https://www.tpca.org.tw/web/news_detail.php?menu_no=312&mod_no=184&news_no=26020,page_publication_date
tpca_public_industry,rigid_pcb_export_yoy,Taiwan PCB industry,2024-08,2024-08-30 16:00:00+00:00,2024-09-11 15:59:59+00:00,9.71,percent,9.71,Networking,physical_throughput,TPCA public industry chart,https://www.tpca.org.tw/web/news_detail.php?menu_no=312&mod_no=184&news_no=26022,page_publication_date
mops_abf_monthly_revenue,abf_company_revenue_yoy::3037.TW,欣興,2024-09,2024-09-29 16:00:00+00:00,2024-10-10 15:59:59+00:00,10837646.0,TWD thousand,23.733578905738373,ABF,financial_confirmation,FinMind TaiwanStockMonthRevenue (MOPS-derived),https://api.finmindtrade.com/api/v4/data,regulatory_deadline_proxy
mops_abf_monthly_revenue,abf_company_revenue_yoy::3189.TW,景碩,2024-09,2024-09-29 16:00:00+00:00,2024-10-10 15:59:59+00:00,2646537.0,TWD thousand,33.770974555817325,ABF,financial_confirmation,FinMind TaiwanStockMonthRevenue (MOPS-derived),https://api.finmindtrade.com/api/v4/data,regulatory_deadline_proxy
mops_abf_monthly_revenue,abf_company_revenue_yoy::8046.TW,南電,2024-09,2024-09-29 16:00:00+00:00,2024-10-10 15:59:59+00:00,2968814.0,TWD thousand,-15.651959716102336,ABF,financial_confirmation,FinMind TaiwanStockMonthRevenue (MOPS-derived),https://api.finmindtrade.com/api/v4/data,regulatory_deadline_proxy
tpca_public_industry,ccl_export_yoy,Taiwan PCB industry,2024-09,2024-09-29 16:00:00+00:00,2024-10-15 15:59:59+00:00,14.9,percent,14.9,CCL,physical_throughput,TPCA public industry chart,https://www.tpca.org.tw/web/news_detail.php?menu_no=312&mod_no=184&news_no=26173,page_publication_date
tpca_public_industry,ccl_import_yoy,Taiwan PCB industry,2024-09,2024-09-29 16:00:00+00:00,2024-10-15 15:59:59+00:00,21.2,percent,21.2,CCL,market_tightness,TPCA public industry chart,https://www.tpca.org.tw/web/news_detail.php?menu_no=312&mod_no=184&news_no=26172,page_publication_date
tpca_public_industry,pcb_material_revenue_yoy,Taiwan PCB industry,2024-09,2024-09-29 16:00:00+00:00,2024-10-15 15:59:59+00:00,5.9,percent,5.9,CCL,physical_throughput,TPCA public industry chart,https://www.tpca.org.tw/web/news_detail.php?menu_no=312&mod_no=184&news_no=26174,page_publication_date
tpca_public_industry,pcb_revenue_yoy,Taiwan PCB industry,2024-09,2024-09-29 16:00:00+00:00,2024-10-16 15:59:59+00:00,4.19,percent,4.19,Networking,physical_throughput,TPCA public industry chart,https://www.tpca.org.tw/web/news_detail.php?menu_no=312&mod_no=184&news_no=26178,page_publication_date
tpca_public_industry,rigid_pcb_export_yoy,Taiwan PCB industry,2024-09,2024-09-29 16:00:00+00:00,2024-10-16 15:59:59+00:00,6.42,percent,6.42,Networking,physical_throughput,TPCA public industry chart,https://www.tpca.org.tw/web/news_detail.php?menu_no=312&mod_no=184&news_no=26180,page_publication_date
mops_abf_monthly_revenue,abf_company_revenue_yoy::3037.TW,欣興,2024-10,2024-10-30 16:00:00+00:00,2024-11-10 15:59:59+00:00,10479818.0,TWD thousand,19.23182425469998,ABF,financial_confirmation,FinMind TaiwanStockMonthRevenue (MOPS-derived),https://api.finmindtrade.com/api/v4/data,regulatory_deadline_proxy
mops_abf_monthly_revenue,abf_company_revenue_yoy::3189.TW,景碩,2024-10,2024-10-30 16:00:00+00:00,2024-11-10 15:59:59+00:00,2576678.0,TWD thousand,2.724595110064998,ABF,financial_confirmation,FinMind TaiwanStockMonthRevenue (MOPS-derived),https://api.finmindtrade.com/api/v4/data,regulatory_deadline_proxy
mops_abf_monthly_revenue,abf_company_revenue_yoy::8046.TW,南電,2024-10,2024-10-30 16:00:00+00:00,2024-11-10 15:59:59+00:00,2616078.0,TWD thousand,-27.33595038326644,ABF,financial_confirmation,FinMind TaiwanStockMonthRevenue (MOPS-derived),https://api.finmindtrade.com/api/v4/data,regulatory_deadline_proxy
tpca_public_industry,ccl_export_yoy,Taiwan PCB industry,2024-10,2024-10-30 16:00:00+00:00,2024-11-20 15:59:59+00:00,9.2,percent,9.2,CCL,physical_throughput,TPCA public industry chart,https://www.tpca.org.tw/web/news_detail.php?menu_no=312&mod_no=184&news_no=26331,page_publication_date
tpca_public_industry,ccl_import_yoy,Taiwan PCB industry,2024-10,2024-10-30 16:00:00+00:00,2024-11-20 15:59:59+00:00,-9.2,percent,-9.2,CCL,market_tightness,TPCA public industry chart,https://www.tpca.org.tw/web/news_detail.php?menu_no=312&mod_no=184&news_no=26332,page_publication_date
tpca_public_industry,pcb_material_revenue_yoy,Taiwan PCB industry,2024-10,2024-10-30 16:00:00+00:00,2024-11-20 15:59:59+00:00,5.9,percent,5.9,CCL,physical_throughput,TPCA public industry chart,https://www.tpca.org.tw/web/news_detail.php?menu_no=312&mod_no=184&news_no=26333,page_publication_date
tpca_public_industry,pcb_revenue_yoy,Taiwan PCB industry,2024-10,2024-10-30 16:00:00+00:00,2024-11-12 15:59:59+00:00,-1.07,percent,-1.07,Networking,physical_throughput,TPCA public industry chart,https://www.tpca.org.tw/web/news_detail.php?menu_no=312&mod_no=184&news_no=26294,page_publication_date
tpca_public_industry,rigid_pcb_export_yoy,Taiwan PCB industry,2024-10,2024-10-30 16:00:00+00:00,2024-11-12 15:59:59+00:00,11.32,percent,11.32,Networking,physical_throughput,TPCA public industry chart,https://www.tpca.org.tw/web/news_detail.php?menu_no=312&mod_no=184&news_no=26296,page_publication_date
mops_abf_monthly_revenue,abf_company_revenue_yoy::3037.TW,欣興,2024-11,2024-11-29 16:00:00+00:00,2024-12-10 15:59:59+00:00,9583655.0,TWD thousand,9.963317468549636,ABF,financial_confirmation,FinMind TaiwanStockMonthRevenue (MOPS-derived),https://api.finmindtrade.com/api/v4/data,regulatory_deadline_proxy
mops_abf_monthly_revenue,abf_company_revenue_yoy::3189.TW,景碩,2024-11,2024-11-29 16:00:00+00:00,2024-12-10 15:59:59+00:00,2520732.0,TWD thousand,-0.382940078769467,ABF,financial_confirmation,FinMind TaiwanStockMonthRevenue (MOPS-derived),https://api.finmindtrade.com/api/v4/data,regulatory_deadline_proxy
mops_abf_monthly_revenue,abf_company_revenue_yoy::8046.TW,南電,2024-11,2024-11-29 16:00:00+00:00,2024-12-10 15:59:59+00:00,2577203.0,TWD thousand,-15.057724556897943,ABF,financial_confirmation,FinMind TaiwanStockMonthRevenue (MOPS-derived),https://api.finmindtrade.com/api/v4/data,regulatory_deadline_proxy
tpca_public_industry,ccl_export_yoy,Taiwan PCB industry,2024-11,2024-11-29 16:00:00+00:00,2024-12-18 15:59:59+00:00,37.1,percent,37.1,CCL,physical_throughput,TPCA public industry chart,https://www.tpca.org.tw/web/news_detail.php?menu_no=312&mod_no=184&news_no=26458,page_publication_date
tpca_public_industry,ccl_import_yoy,Taiwan PCB industry,2024-11,2024-11-29 16:00:00+00:00,2024-12-18 15:59:59+00:00,21.9,percent,21.9,CCL,market_tightness,TPCA public industry chart,https://www.tpca.org.tw/web/news_detail.php?menu_no=312&mod_no=184&news_no=26459,page_publication_date
tpca_public_industry,pcb_material_revenue_yoy,Taiwan PCB industry,2024-11,2024-11-29 16:00:00+00:00,2024-12-18 15:59:59+00:00,10.5,percent,10.5,CCL,physical_throughput,TPCA public industry chart,https://www.tpca.org.tw/web/news_detail.php?menu_no=312&mod_no=184&news_no=26460,page_publication_date
tpca_public_industry,pcb_revenue_yoy,Taiwan PCB industry,2024-11,2024-11-29 16:00:00+00:00,2024-12-11 15:59:59+00:00,1.66,percent,1.66,Networking,physical_throughput,TPCA public industry chart,https://www.tpca.org.tw/web/news_detail.php?menu_no=312&mod_no=184&news_no=26423,page_publication_date
tpca_public_industry,rigid_pcb_export_yoy,Taiwan PCB industry,2024-11,2024-11-29 16:00:00+00:00,2024-12-11 15:59:59+00:00,-2.29,percent,-2.29,Networking,physical_throughput,TPCA public industry chart,https://www.tpca.org.tw/web/news_detail.php?menu_no=312&mod_no=184&news_no=26420,page_publication_date
mops_abf_monthly_revenue,abf_company_revenue_yoy::3037.TW,欣興,2024-12,2024-12-30 16:00:00+00:00,2025-01-10 15:59:59+00:00,9317439.0,TWD thousand,13.840895387260122,ABF,financial_confirmation,FinMind TaiwanStockMonthRevenue (MOPS-derived),https://api.finmindtrade.com/api/v4/data,regulatory_deadline_proxy
mops_abf_monthly_revenue,abf_company_revenue_yoy::3189.TW,景碩,2024-12,2024-12-30 16:00:00+00:00,2025-01-10 15:59:59+00:00,2945583.0,TWD thousand,20.193291318212523,ABF,financial_confirmation,FinMind TaiwanStockMonthRevenue (MOPS-derived),https://api.finmindtrade.com/api/v4/data,regulatory_deadline_proxy
mops_abf_monthly_revenue,abf_company_revenue_yoy::8046.TW,南電,2024-12,2024-12-30 16:00:00+00:00,2025-01-10 15:59:59+00:00,2677001.0,TWD thousand,0.0152432588742534,ABF,financial_confirmation,FinMind TaiwanStockMonthRevenue (MOPS-derived),https://api.finmindtrade.com/api/v4/data,regulatory_deadline_proxy
tpca_public_industry,ccl_export_yoy,Taiwan PCB industry,2024-12,2024-12-30 16:00:00+00:00,2025-01-21 15:59:59+00:00,21.3,percent,21.3,CCL,physical_throughput,TPCA public industry chart,https://www.tpca.org.tw/web/news_detail.php?menu_no=312&mod_no=184&news_no=26600,page_publication_date
tpca_public_industry,ccl_import_yoy,Taiwan PCB industry,2024-12,2024-12-30 16:00:00+00:00,2025-01-21 15:59:59+00:00,19.3,percent,19.3,CCL,market_tightness,TPCA public industry chart,https://www.tpca.org.tw/web/news_detail.php?menu_no=312&mod_no=184&news_no=26599,page_publication_date
tpca_public_industry,pcb_material_revenue_yoy,Taiwan PCB industry,2024-12,2024-12-30 16:00:00+00:00,2025-01-21 15:59:59+00:00,17.6,percent,17.6,CCL,physical_throughput,TPCA public industry chart,https://www.tpca.org.tw/web/news_detail.php?menu_no=312&mod_no=184&news_no=26597,page_publication_date
tpca_public_industry,pcb_revenue_yoy,Taiwan PCB industry,2024-12,2024-12-30 16:00:00+00:00,2025-01-15 15:59:59+00:00,8.86,percent,8.86,Networking,physical_throughput,TPCA public industry chart,https://www.tpca.org.tw/web/news_detail.php?menu_no=312&mod_no=184&news_no=26574,page_publication_date
tpca_public_industry,rigid_pcb_export_yoy,Taiwan PCB industry,2024-12,2024-12-30 16:00:00+00:00,2025-01-15 15:59:59+00:00,-3.77,percent,-3.77,Networking,physical_throughput,TPCA public industry chart,https://www.tpca.org.tw/web/news_detail.php?menu_no=312&mod_no=184&news_no=26576,page_publication_date
mops_abf_monthly_revenue,abf_company_revenue_yoy::3037.TW,欣興,2025-01,2025-01-30 16:00:00+00:00,2025-02-10 15:59:59+00:00,9493871.0,TWD thousand,2.947533996786822,ABF,financial_confirmation,FinMind TaiwanStockMonthRevenue (MOPS-derived),https://api.finmindtrade.com/api/v4/data,regulatory_deadline_proxy
mops_abf_monthly_revenue,abf_company_revenue_yoy::3189.TW,景碩,2025-01,2025-01-30 16:00:00+00:00,2025-02-10 15:59:59+00:00,2556530.0,TWD thousand,10.527221413279197,ABF,financial_confirmation,FinMind TaiwanStockMonthRevenue (MOPS-derived),https://api.finmindtrade.com/api/v4/data,regulatory_deadline_proxy
mops_abf_monthly_revenue,abf_company_revenue_yoy::8046.TW,南電,2025-01,2025-01-30 16:00:00+00:00,2025-02-10 15:59:59+00:00,2566125.0,TWD thousand,0.176921158045018,ABF,financial_confirmation,FinMind TaiwanStockMonthRevenue (MOPS-derived),https://api.finmindtrade.com/api/v4/data,regulatory_deadline_proxy
tpca_public_industry,ccl_export_yoy,Taiwan PCB industry,2025-01,2025-01-30 16:00:00+00:00,2025-02-19 15:59:59+00:00,5.0,percent,5.0,CCL,physical_throughput,TPCA public industry chart,https://www.tpca.org.tw/web/news_detail.php?menu_no=312&mod_no=184&news_no=26782,page_publication_date
tpca_public_industry,ccl_import_yoy,Taiwan PCB industry,2025-01,2025-01-30 16:00:00+00:00,2025-02-19 15:59:59+00:00,-11.9,percent,-11.9,CCL,market_tightness,TPCA public industry chart,https://www.tpca.org.tw/web/news_detail.php?menu_no=312&mod_no=184&news_no=26781,page_publication_date
tpca_public_industry,pcb_material_revenue_yoy,Taiwan PCB industry,2025-01,2025-01-30 16:00:00+00:00,2025-02-19 15:59:59+00:00,3.5,percent,3.5,CCL,physical_throughput,TPCA public industry chart,https://www.tpca.org.tw/web/news_detail.php?menu_no=312&mod_no=184&news_no=26784,page_publication_date
tpca_public_industry,pcb_revenue_yoy,Taiwan PCB industry,2025-01,2025-01-30 16:00:00+00:00,2025-02-12 15:59:59+00:00,-0.99,percent,-0.99,Networking,physical_throughput,TPCA public industry chart,https://www.tpca.org.tw/web/news_detail.php?menu_no=312&mod_no=184&news_no=26754,page_publication_date
tpca_public_industry,rigid_pcb_export_yoy,Taiwan PCB industry,2025-01,2025-01-30 16:00:00+00:00,2025-02-12 15:59:59+00:00,-10.45,percent,-10.45,Networking,physical_throughput,TPCA public industry chart,https://www.tpca.org.tw/web/news_detail.php?menu_no=312&mod_no=184&news_no=26756,page_publication_date
mops_abf_monthly_revenue,abf_company_revenue_yoy::3037.TW,欣興,2025-02,2025-02-27 16:00:00+00:00,2025-03-10 15:59:59+00:00,9985276.0,TWD thousand,20.59782985463201,ABF,financial_confirmation,FinMind TaiwanStockMonthRevenue (MOPS-derived),https://api.finmindtrade.com/api/v4/data,regulatory_deadline_proxy
mops_abf_monthly_revenue,abf_company_revenue_yoy::3189.TW,景碩,2025-02,2025-02-27 16:00:00+00:00,2025-03-10 15:59:59+00:00,2913173.0,TWD thousand,30.15358372448573,ABF,financial_confirmation,FinMind TaiwanStockMonthRevenue (MOPS-derived),https://api.finmindtrade.com/api/v4/data,regulatory_deadline_proxy
mops_abf_monthly_revenue,abf_company_revenue_yoy::8046.TW,南電,2025-02,2025-02-27 16:00:00+00:00,2025-03-10 15:59:59+00:00,2805847.0,TWD thousand,49.83448420964942,ABF,financial_confirmation,FinMind TaiwanStockMonthRevenue (MOPS-derived),https://api.finmindtrade.com/api/v4/data,regulatory_deadline_proxy
tpca_public_industry,ccl_export_yoy,Taiwan PCB industry,2025-02,2025-02-27 16:00:00+00:00,2025-03-19 15:59:59+00:00,39.5,percent,39.5,CCL,physical_throughput,TPCA public industry chart,https://www.tpca.org.tw/web/news_detail.php?menu_no=312&mod_no=184&news_no=26905,page_publication_date
tpca_public_industry,ccl_import_yoy,Taiwan PCB industry,2025-02,2025-02-27 16:00:00+00:00,2025-03-19 15:59:59+00:00,33.0,percent,33.0,CCL,market_tightness,TPCA public industry chart,https://www.tpca.org.tw/web/news_detail.php?menu_no=312&mod_no=184&news_no=26904,page_publication_date
tpca_public_industry,pcb_material_revenue_yoy,Taiwan PCB industry,2025-02,2025-02-27 16:00:00+00:00,2025-03-19 15:59:59+00:00,33.5,percent,33.5,CCL,physical_throughput,TPCA public industry chart,https://www.tpca.org.tw/web/news_detail.php?menu_no=312&mod_no=184&news_no=26906,page_publication_date
tpca_public_industry,pcb_revenue_yoy,Taiwan PCB industry,2025-02,2025-02-27 16:00:00+00:00,2025-03-12 15:59:59+00:00,26.53,percent,26.53,Networking,physical_throughput,TPCA public industry chart,https://www.tpca.org.tw/web/news_detail.php?menu_no=312&mod_no=184&news_no=26875,page_publication_date
tpca_public_industry,rigid_pcb_export_yoy,Taiwan PCB industry,2025-02,2025-02-27 16:00:00+00:00,2025-03-10 15:59:59+00:00,21.62,percent,21.62,Networking,physical_throughput,TPCA public industry chart,https://www.tpca.org.tw/web/news_detail.php?menu_no=312&mod_no=184&news_no=26855,page_publication_date
mops_abf_monthly_revenue,abf_company_revenue_yoy::3037.TW,欣興,2025-03,2025-03-30 16:00:00+00:00,2025-04-10 15:59:59+00:00,10610385.0,TWD thousand,19.20499110376559,ABF,financial_confirmation,FinMind TaiwanStockMonthRevenue (MOPS-derived),https://api.finmindtrade.com/api/v4/data,regulatory_deadline_proxy
mops_abf_monthly_revenue,abf_company_revenue_yoy::3189.TW,景碩,2025-03,2025-03-30 16:00:00+00:00,2025-04-10 15:59:59+00:00,3150041.0,TWD thousand,28.93654521684388,ABF,financial_confirmation,FinMind TaiwanStockMonthRevenue (MOPS-derived),https://api.finmindtrade.com/api/v4/data,regulatory_deadline_proxy
mops_abf_monthly_revenue,abf_company_revenue_yoy::8046.TW,南電,2025-03,2025-03-30 16:00:00+00:00,2025-04-10 15:59:59+00:00,3086060.0,TWD thousand,15.741081059186568,ABF,financial_confirmation,FinMind TaiwanStockMonthRevenue (MOPS-derived),https://api.finmindtrade.com/api/v4/data,regulatory_deadline_proxy
tpca_public_industry,ccl_export_yoy,Taiwan PCB industry,2025-03,2025-03-30 16:00:00+00:00,2025-04-23 15:59:59+00:00,26.9,percent,26.9,CCL,physical_throughput,TPCA public industry chart,https://www.tpca.org.tw/web/news_detail.php?menu_no=312&mod_no=184&news_no=27106,page_publication_date
tpca_public_industry,ccl_import_yoy,Taiwan PCB industry,2025-03,2025-03-30 16:00:00+00:00,2025-04-23 15:59:59+00:00,18.6,percent,18.6,CCL,market_tightness,TPCA public industry chart,https://www.tpca.org.tw/web/news_detail.php?menu_no=312&mod_no=184&news_no=27105,page_publication_date
tpca_public_industry,pcb_material_revenue_yoy,Taiwan PCB industry,2025-03,2025-03-30 16:00:00+00:00,2025-04-23 15:59:59+00:00,12.0,percent,12.0,CCL,physical_throughput,TPCA public industry chart,https://www.tpca.org.tw/web/news_detail.php?menu_no=312&mod_no=184&news_no=27107,page_publication_date
tpca_public_industry,pcb_revenue_yoy,Taiwan PCB industry,2025-03,2025-03-30 16:00:00+00:00,2025-04-17 15:59:59+00:00,17.33,percent,17.33,Networking,physical_throughput,TPCA public industry chart,https://www.tpca.org.tw/web/news_detail.php?menu_no=312&mod_no=184&news_no=27086,page_publication_date
tpca_public_industry,rigid_pcb_export_yoy,Taiwan PCB industry,2025-03,2025-03-30 16:00:00+00:00,2025-04-17 15:59:59+00:00,-0.98,percent,-0.98,Networking,physical_throughput,TPCA public industry chart,https://www.tpca.org.tw/web/news_detail.php?menu_no=312&mod_no=184&news_no=27088,page_publication_date
mops_abf_monthly_revenue,abf_company_revenue_yoy::3037.TW,欣興,2025-04,2025-04-29 16:00:00+00:00,2025-05-10 15:59:59+00:00,10915988.0,TWD thousand,16.599250307440606,ABF,financial_confirmation,FinMind TaiwanStockMonthRevenue (MOPS-derived),https://api.finmindtrade.com/api/v4/data,regulatory_deadline_proxy
mops_abf_monthly_revenue,abf_company_revenue_yoy::3189.TW,景碩,2025-04,2025-04-29 16:00:00+00:00,2025-05-10 15:59:59+00:00,3212841.0,TWD thousand,34.51471822105216,ABF,financial_confirmation,FinMind TaiwanStockMonthRevenue (MOPS-derived),https://api.finmindtrade.com/api/v4/data,regulatory_deadline_proxy
mops_abf_monthly_revenue,abf_company_revenue_yoy::8046.TW,南電,2025-04,2025-04-29 16:00:00+00:00,2025-05-10 15:59:59+00:00,3191344.0,TWD thousand,19.255902456122787,ABF,financial_confirmation,FinMind TaiwanStockMonthRevenue (MOPS-derived),https://api.finmindtrade.com/api/v4/data,regulatory_deadline_proxy
tpca_public_industry,ccl_export_yoy,Taiwan PCB industry,2025-04,2025-04-29 16:00:00+00:00,2025-05-19 15:59:59+00:00,27.2,percent,27.2,CCL,physical_throughput,TPCA public industry chart,https://www.tpca.org.tw/web/news_detail.php?menu_no=312&mod_no=184&news_no=27223,page_publication_date
tpca_public_industry,ccl_import_yoy,Taiwan PCB industry,2025-04,2025-04-29 16:00:00+00:00,2025-05-19 15:59:59+00:00,12.6,percent,12.6,CCL,market_tightness,TPCA public industry chart,https://www.tpca.org.tw/web/news_detail.php?menu_no=312&mod_no=184&news_no=27222,page_publication_date
tpca_public_industry,pcb_material_revenue_yoy,Taiwan PCB industry,2025-04,2025-04-29 16:00:00+00:00,2025-05-19 15:59:59+00:00,8.03,percent,8.03,CCL,physical_throughput,TPCA public industry chart,https://www.tpca.org.tw/web/news_detail.php?menu_no=312&mod_no=184&news_no=27224,page_publication_date
tpca_public_industry,pcb_revenue_yoy,Taiwan PCB industry,2025-04,2025-04-29 16:00:00+00:00,2025-05-13 15:59:59+00:00,18.68,percent,18.68,Networking,physical_throughput,TPCA public industry chart,https://www.tpca.org.tw/web/news_detail.php?menu_no=312&mod_no=184&news_no=27204,page_publication_date
tpca_public_industry,rigid_pcb_export_yoy,Taiwan PCB industry,2025-04,2025-04-29 16:00:00+00:00,2025-05-13 15:59:59+00:00,6.36,percent,6.36,Networking,physical_throughput,TPCA public industry chart,https://www.tpca.org.tw/web/news_detail.php?menu_no=312&mod_no=184&news_no=27207,page_publication_date
mops_abf_monthly_revenue,abf_company_revenue_yoy::3037.TW,欣興,2025-05,2025-05-30 16:00:00+00:00,2025-06-10 15:59:59+00:00,10621322.0,TWD thousand,10.13592005085946,ABF,financial_confirmation,FinMind TaiwanStockMonthRevenue (MOPS-derived),https://api.finmindtrade.com/api/v4/data,regulatory_deadline_proxy
mops_abf_monthly_revenue,abf_company_revenue_yoy::3189.TW,景碩,2025-05,2025-05-30 16:00:00+00:00,2025-06-10 15:59:59+00:00,3157305.0,TWD thousand,25.728633971088,ABF,financial_confirmation,FinMind TaiwanStockMonthRevenue (MOPS-derived),https://api.finmindtrade.com/api/v4/data,regulatory_deadline_proxy
mops_abf_monthly_revenue,abf_company_revenue_yoy::8046.TW,南電,2025-05,2025-05-30 16:00:00+00:00,2025-06-10 15:59:59+00:00,3269216.0,TWD thousand,21.107551514540845,ABF,financial_confirmation,FinMind TaiwanStockMonthRevenue (MOPS-derived),https://api.finmindtrade.com/api/v4/data,regulatory_deadline_proxy
tpca_public_industry,ccl_export_yoy,Taiwan PCB industry,2025-05,2025-05-30 16:00:00+00:00,2025-06-17 15:59:59+00:00,20.6,percent,20.6,CCL,physical_throughput,TPCA public industry chart,https://www.tpca.org.tw/web/news_detail.php?menu_no=312&mod_no=184&news_no=27320,page_publication_date
tpca_public_industry,ccl_import_yoy,Taiwan PCB industry,2025-05,2025-05-30 16:00:00+00:00,2025-06-17 15:59:59+00:00,3.6,percent,3.6,CCL,market_tightness,TPCA public industry chart,https://www.tpca.org.tw/web/news_detail.php?menu_no=312&mod_no=184&news_no=27319,page_publication_date
tpca_public_industry,pcb_material_revenue_yoy,Taiwan PCB industry,2025-05,2025-05-30 16:00:00+00:00,2025-06-17 15:59:59+00:00,-0.04,percent,-0.04,CCL,physical_throughput,TPCA public industry chart,https://www.tpca.org.tw/web/news_detail.php?menu_no=312&mod_no=184&news_no=27321,page_publication_date
tpca_public_industry,pcb_revenue_yoy,Taiwan PCB industry,2025-05,2025-05-30 16:00:00+00:00,2025-06-11 15:59:59+00:00,12.87,percent,12.87,Networking,physical_throughput,TPCA public industry chart,https://www.tpca.org.tw/web/news_detail.php?menu_no=312&mod_no=184&news_no=27305,page_publication_date
tpca_public_industry,rigid_pcb_export_yoy,Taiwan PCB industry,2025-05,2025-05-30 16:00:00+00:00,2025-06-11 15:59:59+00:00,9.61,percent,9.61,Networking,physical_throughput,TPCA public industry chart,https://www.tpca.org.tw/web/news_detail.php?menu_no=312&mod_no=184&news_no=27303,page_publication_date
mops_abf_monthly_revenue,abf_company_revenue_yoy::3037.TW,欣興,2025-06,2025-06-29 16:00:00+00:00,2025-07-10 15:59:59+00:00,10928735.0,TWD thousand,23.187938583760868,ABF,financial_confirmation,FinMind TaiwanStockMonthRevenue (MOPS-derived),https://api.finmindtrade.com/api/v4/data,regulatory_deadline_proxy
mops_abf_monthly_revenue,abf_company_revenue_yoy::3189.TW,景碩,2025-06,2025-06-29 16:00:00+00:00,2025-07-10 15:59:59+00:00,3193580.0,TWD thousand,33.021049579974736,ABF,financial_confirmation,FinMind TaiwanStockMonthRevenue (MOPS-derived),https://api.finmindtrade.com/api/v4/data,regulatory_deadline_proxy
mops_abf_monthly_revenue,abf_company_revenue_yoy::8046.TW,南電,2025-06,2025-06-29 16:00:00+00:00,2025-07-10 15:59:59+00:00,3122359.0,TWD thousand,13.74187788033121,ABF,financial_confirmation,FinMind TaiwanStockMonthRevenue (MOPS-derived),https://api.finmindtrade.com/api/v4/data,regulatory_deadline_proxy
tpca_public_industry,ccl_export_yoy,Taiwan PCB industry,2025-06,2025-06-29 16:00:00+00:00,2025-07-22 15:59:59+00:00,-4.3,percent,-4.3,CCL,physical_throughput,TPCA public industry chart,https://www.tpca.org.tw/web/news_detail.php?menu_no=312&mod_no=184&news_no=27444,page_publication_date
tpca_public_industry,ccl_import_yoy,Taiwan PCB industry,2025-06,2025-06-29 16:00:00+00:00,2025-07-22 15:59:59+00:00,8.3,percent,8.3,CCL,market_tightness,TPCA public industry chart,https://www.tpca.org.tw/web/news_detail.php?menu_no=312&mod_no=184&news_no=27443,page_publication_date
tpca_public_industry,pcb_material_revenue_yoy,Taiwan PCB industry,2025-06,2025-06-29 16:00:00+00:00,2025-07-22 15:59:59+00:00,1.6,percent,1.6,CCL,physical_throughput,TPCA public industry chart,https://www.tpca.org.tw/web/news_detail.php?menu_no=312&mod_no=184&news_no=27445,page_publication_date
tpca_public_industry,pcb_revenue_yoy,Taiwan PCB industry,2025-06,2025-06-29 16:00:00+00:00,2025-07-15 15:59:59+00:00,18.23,percent,18.23,Networking,physical_throughput,TPCA public industry chart,https://www.tpca.org.tw/web/news_detail.php?menu_no=312&mod_no=184&news_no=27418,page_publication_date
tpca_public_industry,rigid_pcb_export_yoy,Taiwan PCB industry,2025-06,2025-06-29 16:00:00+00:00,2025-07-15 15:59:59+00:00,7.58,percent,7.58,Networking,physical_throughput,TPCA public industry chart,https://www.tpca.org.tw/web/news_detail.php?menu_no=312&mod_no=184&news_no=27419,page_publication_date
mops_abf_monthly_revenue,abf_company_revenue_yoy::3037.TW,欣興,2025-07,2025-07-30 16:00:00+00:00,2025-08-10 15:59:59+00:00,11311474.0,TWD thousand,12.539516767944004,ABF,financial_confirmation,FinMind TaiwanStockMonthRevenue (MOPS-derived),https://api.finmindtrade.com/api/v4/data,regulatory_deadline_proxy
mops_abf_monthly_revenue,abf_company_revenue_yoy::3189.TW,景碩,2025-07,2025-07-30 16:00:00+00:00,2025-08-10 15:59:59+00:00,3348367.0,TWD thousand,24.37654176762485,ABF,financial_confirmation,FinMind TaiwanStockMonthRevenue (MOPS-derived),https://api.finmindtrade.com/api/v4/data,regulatory_deadline_proxy
mops_abf_monthly_revenue,abf_company_revenue_yoy::8046.TW,南電,2025-07,2025-07-30 16:00:00+00:00,2025-08-10 15:59:59+00:00,3620679.0,TWD thousand,15.846454803398723,ABF,financial_confirmation,FinMind TaiwanStockMonthRevenue (MOPS-derived),https://api.finmindtrade.com/api/v4/data,regulatory_deadline_proxy
tpca_public_industry,ccl_export_yoy,Taiwan PCB industry,2025-07,2025-07-30 16:00:00+00:00,2025-08-19 15:59:59+00:00,-5.4,percent,-5.4,CCL,physical_throughput,TPCA public industry chart,https://www.tpca.org.tw/web/news_detail.php?menu_no=312&mod_no=184&news_no=27540,page_publication_date
tpca_public_industry,ccl_import_yoy,Taiwan PCB industry,2025-07,2025-07-30 16:00:00+00:00,2025-08-19 15:59:59+00:00,-4.2,percent,-4.2,CCL,market_tightness,TPCA public industry chart,https://www.tpca.org.tw/web/news_detail.php?menu_no=312&mod_no=184&news_no=27539,page_publication_date
tpca_public_industry,pcb_material_revenue_yoy,Taiwan PCB industry,2025-07,2025-07-30 16:00:00+00:00,2025-08-19 15:59:59+00:00,1.2,percent,1.2,CCL,physical_throughput,TPCA public industry chart,https://www.tpca.org.tw/web/news_detail.php?menu_no=312&mod_no=184&news_no=27541,page_publication_date
tpca_public_industry,pcb_revenue_yoy,Taiwan PCB industry,2025-07,2025-07-30 16:00:00+00:00,2025-08-12 15:59:59+00:00,8.18,percent,8.18,Networking,physical_throughput,TPCA public industry chart,https://www.tpca.org.tw/web/news_detail.php?menu_no=312&mod_no=184&news_no=27518,page_publication_date
tpca_public_industry,rigid_pcb_export_yoy,Taiwan PCB industry,2025-07,2025-07-30 16:00:00+00:00,2025-08-19 15:59:59+00:00,9.08,percent,9.08,Networking,physical_throughput,TPCA public industry chart,https://www.tpca.org.tw/web/news_detail.php?menu_no=312&mod_no=184&news_no=27546,page_publication_date
mops_abf_monthly_revenue,abf_company_revenue_yoy::3037.TW,欣興,2025-08,2025-08-30 16:00:00+00:00,2025-09-10 15:59:59+00:00,11356606.0,TWD thousand,4.92646715748617,ABF,financial_confirmation,FinMind TaiwanStockMonthRevenue (MOPS-derived),https://api.finmindtrade.com/api/v4/data,regulatory_deadline_proxy
mops_abf_monthly_revenue,abf_company_revenue_yoy::3189.TW,景碩,2025-08,2025-08-30 16:00:00+00:00,2025-09-10 15:59:59+00:00,3421382.0,TWD thousand,19.693107692178515,ABF,financial_confirmation,FinMind TaiwanStockMonthRevenue (MOPS-derived),https://api.finmindtrade.com/api/v4/data,regulatory_deadline_proxy
mops_abf_monthly_revenue,abf_company_revenue_yoy::8046.TW,南電,2025-08,2025-08-30 16:00:00+00:00,2025-09-10 15:59:59+00:00,3807312.0,TWD thousand,22.90988799555791,ABF,financial_confirmation,FinMind TaiwanStockMonthRevenue (MOPS-derived),https://api.finmindtrade.com/api/v4/data,regulatory_deadline_proxy
tpca_public_industry,ccl_export_yoy,Taiwan PCB industry,2025-08,2025-08-30 16:00:00+00:00,2025-09-16 15:59:59+00:00,5.6,percent,5.6,CCL,physical_throughput,TPCA public industry chart,https://www.tpca.org.tw/web/news_detail.php?menu_no=312&mod_no=184&news_no=27660,page_publication_date
tpca_public_industry,ccl_import_yoy,Taiwan PCB industry,2025-08,2025-08-30 16:00:00+00:00,2025-09-16 15:59:59+00:00,43.1,percent,43.1,CCL,market_tightness,TPCA public industry chart,https://www.tpca.org.tw/web/news_detail.php?menu_no=312&mod_no=184&news_no=27659,page_publication_date
tpca_public_industry,pcb_material_revenue_yoy,Taiwan PCB industry,2025-08,2025-08-30 16:00:00+00:00,2025-09-16 15:59:59+00:00,0.6,percent,0.6,CCL,physical_throughput,TPCA public industry chart,https://www.tpca.org.tw/web/news_detail.php?menu_no=312&mod_no=184&news_no=27661,page_publication_date
tpca_public_industry,pcb_revenue_yoy,Taiwan PCB industry,2025-08,2025-08-30 16:00:00+00:00,2025-09-16 15:59:59+00:00,3.77,percent,3.77,Networking,physical_throughput,TPCA public industry chart,https://www.tpca.org.tw/web/news_detail.php?menu_no=312&mod_no=184&news_no=27651,page_publication_date
tpca_public_industry,rigid_pcb_export_yoy,Taiwan PCB industry,2025-08,2025-08-30 16:00:00+00:00,2025-09-16 15:59:59+00:00,-6.27,percent,-6.27,Networking,physical_throughput,TPCA public industry chart,https://www.tpca.org.tw/web/news_detail.php?menu_no=312&mod_no=184&news_no=27653,page_publication_date
mops_abf_monthly_revenue,abf_company_revenue_yoy::3037.TW,欣興,2025-09,2025-09-29 16:00:00+00:00,2025-10-10 15:59:59+00:00,11326339.0,TWD thousand,4.509217223002127,ABF,financial_confirmation,FinMind TaiwanStockMonthRevenue (MOPS-derived),https://api.finmindtrade.com/api/v4/data,regulatory_deadline_proxy
mops_abf_monthly_revenue,abf_company_revenue_yoy::3189.TW,景碩,2025-09,2025-09-29 16:00:00+00:00,2025-10-10 15:59:59+00:00,3586439.0,TWD thousand,35.51440996290624,ABF,financial_confirmation,FinMind TaiwanStockMonthRevenue (MOPS-derived),https://api.finmindtrade.com/api/v4/data,regulatory_deadline_proxy
mops_abf_monthly_revenue,abf_company_revenue_yoy::8046.TW,南電,2025-09,2025-09-29 16:00:00+00:00,2025-10-10 15:59:59+00:00,3539459.0,TWD thousand,19.22131194476986,ABF,financial_confirmation,FinMind TaiwanStockMonthRevenue (MOPS-derived),https://api.finmindtrade.com/api/v4/data,regulatory_deadline_proxy
tpca_public_industry,ccl_export_yoy,Taiwan PCB industry,2025-09,2025-09-29 16:00:00+00:00,2025-10-28 15:59:59+00:00,10.2,percent,10.2,CCL,physical_throughput,TPCA public industry chart,https://www.tpca.org.tw/web/news_detail.php?menu_no=312&mod_no=184&news_no=27775,page_publication_date
tpca_public_industry,ccl_import_yoy,Taiwan PCB industry,2025-09,2025-09-29 16:00:00+00:00,2025-10-28 15:59:59+00:00,54.3,percent,54.3,CCL,market_tightness,TPCA public industry chart,https://www.tpca.org.tw/web/news_detail.php?menu_no=312&mod_no=184&news_no=27774,page_publication_date
tpca_public_industry,pcb_material_revenue_yoy,Taiwan PCB industry,2025-09,2025-09-29 16:00:00+00:00,2025-10-28 15:59:59+00:00,7.9,percent,7.9,CCL,physical_throughput,TPCA public industry chart,https://www.tpca.org.tw/web/news_detail.php?menu_no=312&mod_no=184&news_no=27777,page_publication_date
tpca_public_industry,pcb_revenue_yoy,Taiwan PCB industry,2025-09,2025-09-29 16:00:00+00:00,2025-10-14 15:59:59+00:00,14.62,percent,14.62,Networking,physical_throughput,TPCA public industry chart,https://www.tpca.org.tw/web/news_detail.php?menu_no=312&mod_no=184&news_no=27753,page_publication_date
tpca_public_industry,rigid_pcb_export_yoy,Taiwan PCB industry,2025-09,2025-09-29 16:00:00+00:00,2025-10-14 15:59:59+00:00,-5.19,percent,-5.19,Networking,physical_throughput,TPCA public industry chart,https://www.tpca.org.tw/web/news_detail.php?menu_no=312&mod_no=184&news_no=27756,page_publication_date
mops_abf_monthly_revenue,abf_company_revenue_yoy::3037.TW,欣興,2025-10,2025-10-30 16:00:00+00:00,2025-11-10 15:59:59+00:00,11327098.0,TWD thousand,8.084873229668688,ABF,financial_confirmation,FinMind TaiwanStockMonthRevenue (MOPS-derived),https://api.finmindtrade.com/api/v4/data,regulatory_deadline_proxy
mops_abf_monthly_revenue,abf_company_revenue_yoy::3189.TW,景碩,2025-10,2025-10-30 16:00:00+00:00,2025-11-10 15:59:59+00:00,3601222.0,TWD thousand,39.7622054443745,ABF,financial_confirmation,FinMind TaiwanStockMonthRevenue (MOPS-derived),https://api.finmindtrade.com/api/v4/data,regulatory_deadline_proxy
mops_abf_monthly_revenue,abf_company_revenue_yoy::8046.TW,南電,2025-10,2025-10-30 16:00:00+00:00,2025-11-10 15:59:59+00:00,3706423.0,TWD thousand,41.67861202915204,ABF,financial_confirmation,FinMind TaiwanStockMonthRevenue (MOPS-derived),https://api.finmindtrade.com/api/v4/data,regulatory_deadline_proxy
tpca_public_industry,ccl_export_yoy,Taiwan PCB industry,2025-10,2025-10-30 16:00:00+00:00,2025-11-18 15:59:59+00:00,24.8,percent,24.8,CCL,physical_throughput,TPCA public industry chart,https://www.tpca.org.tw/web/news_detail.php?menu_no=312&mod_no=184&news_no=27858,page_publication_date
tpca_public_industry,ccl_import_yoy,Taiwan PCB industry,2025-10,2025-10-30 16:00:00+00:00,2025-11-18 15:59:59+00:00,67.1,percent,67.1,CCL,market_tightness,TPCA public industry chart,https://www.tpca.org.tw/web/news_detail.php?menu_no=312&mod_no=184&news_no=27857,page_publication_date
tpca_public_industry,pcb_material_revenue_yoy,Taiwan PCB industry,2025-10,2025-10-30 16:00:00+00:00,2025-11-18 15:59:59+00:00,2.2,percent,2.2,CCL,physical_throughput,TPCA public industry chart,https://www.tpca.org.tw/web/news_detail.php?menu_no=312&mod_no=184&news_no=27859,page_publication_date
tpca_public_industry,pcb_revenue_yoy,Taiwan PCB industry,2025-10,2025-10-30 16:00:00+00:00,2025-11-12 15:59:59+00:00,12.33,percent,12.33,Networking,physical_throughput,TPCA public industry chart,https://www.tpca.org.tw/web/news_detail.php?menu_no=312&mod_no=184&news_no=27840,page_publication_date
tpca_public_industry,rigid_pcb_export_yoy,Taiwan PCB industry,2025-10,2025-10-30 16:00:00+00:00,2025-11-18 15:59:59+00:00,-10.0,percent,-10.0,Networking,physical_throughput,TPCA public industry chart,https://www.tpca.org.tw/web/news_detail.php?menu_no=312&mod_no=184&news_no=27862,page_publication_date
mops_abf_monthly_revenue,abf_company_revenue_yoy::3037.TW,欣興,2025-11,2025-11-29 16:00:00+00:00,2025-12-10 15:59:59+00:00,11541416.0,TWD thousand,20.42812476033413,ABF,financial_confirmation,FinMind TaiwanStockMonthRevenue (MOPS-derived),https://api.finmindtrade.com/api/v4/data,regulatory_deadline_proxy
mops_abf_monthly_revenue,abf_company_revenue_yoy::3189.TW,景碩,2025-11,2025-11-29 16:00:00+00:00,2025-12-10 15:59:59+00:00,3521383.0,TWD thousand,39.69684202842667,ABF,financial_confirmation,FinMind TaiwanStockMonthRevenue (MOPS-derived),https://api.finmindtrade.com/api/v4/data,regulatory_deadline_proxy
mops_abf_monthly_revenue,abf_company_revenue_yoy::8046.TW,南電,2025-11,2025-11-29 16:00:00+00:00,2025-12-10 15:59:59+00:00,3534352.0,TWD thousand,37.13906122257347,ABF,financial_confirmation,FinMind TaiwanStockMonthRevenue (MOPS-derived),https://api.finmindtrade.com/api/v4/data,regulatory_deadline_proxy
tpca_public_industry,ccl_export_yoy,Taiwan PCB industry,2025-11,2025-11-29 16:00:00+00:00,2025-12-22 15:59:59+00:00,27.6,percent,27.6,CCL,physical_throughput,TPCA public industry chart,https://www.tpca.org.tw/web/news_detail.php?menu_no=312&mod_no=184&news_no=27969,page_publication_date
tpca_public_industry,ccl_import_yoy,Taiwan PCB industry,2025-11,2025-11-29 16:00:00+00:00,2025-12-22 15:59:59+00:00,43.8,percent,43.8,CCL,market_tightness,TPCA public industry chart,https://www.tpca.org.tw/web/news_detail.php?menu_no=312&mod_no=184&news_no=27968,page_publication_date
tpca_public_industry,pcb_material_revenue_yoy,Taiwan PCB industry,2025-11,2025-11-29 16:00:00+00:00,2025-12-22 15:59:59+00:00,2.8,percent,2.8,CCL,physical_throughput,TPCA public industry chart,https://www.tpca.org.tw/web/news_detail.php?menu_no=312&mod_no=184&news_no=27970,page_publication_date
tpca_public_industry,pcb_revenue_yoy,Taiwan PCB industry,2025-11,2025-11-29 16:00:00+00:00,2025-12-17 15:59:59+00:00,11.86,percent,11.86,Networking,physical_throughput,TPCA public industry chart,https://www.tpca.org.tw/web/news_detail.php?menu_no=312&mod_no=184&news_no=27960,page_publication_date
tpca_public_industry,rigid_pcb_export_yoy,Taiwan PCB industry,2025-11,2025-11-29 16:00:00+00:00,2025-12-10 15:59:59+00:00,16.12,percent,16.12,Networking,physical_throughput,TPCA public industry chart,https://www.tpca.org.tw/web/news_detail.php?menu_no=312&mod_no=184&news_no=27941,page_publication_date
mops_abf_monthly_revenue,abf_company_revenue_yoy::3037.TW,欣興,2025-12,2025-12-30 16:00:00+00:00,2026-01-10 15:59:59+00:00,11822372.0,TWD thousand,26.884350946649604,ABF,financial_confirmation,FinMind TaiwanStockMonthRevenue (MOPS-derived),https://api.finmindtrade.com/api/v4/data,regulatory_deadline_proxy
mops_abf_monthly_revenue,abf_company_revenue_yoy::3189.TW,景碩,2025-12,2025-12-30 16:00:00+00:00,2026-01-10 15:59:59+00:00,3688833.0,TWD thousand,25.23269587039305,ABF,financial_confirmation,FinMind TaiwanStockMonthRevenue (MOPS-derived),https://api.finmindtrade.com/api/v4/data,regulatory_deadline_proxy
mops_abf_monthly_revenue,abf_company_revenue_yoy::8046.TW,南電,2025-12,2025-12-30 16:00:00+00:00,2026-01-10 15:59:59+00:00,3923814.0,TWD thousand,46.57499194060817,ABF,financial_confirmation,FinMind TaiwanStockMonthRevenue (MOPS-derived),https://api.finmindtrade.com/api/v4/data,regulatory_deadline_proxy
tpca_public_industry,ccl_export_yoy,Taiwan PCB industry,2025-12,2025-12-30 16:00:00+00:00,2026-01-21 15:59:59+00:00,29.1,percent,29.1,CCL,physical_throughput,TPCA public industry chart,https://www.tpca.org.tw/web/news_detail.php?menu_no=312&mod_no=184&news_no=28228,page_publication_date
tpca_public_industry,ccl_import_yoy,Taiwan PCB industry,2025-12,2025-12-30 16:00:00+00:00,2026-01-21 15:59:59+00:00,34.7,percent,34.7,CCL,market_tightness,TPCA public industry chart,https://www.tpca.org.tw/web/news_detail.php?menu_no=312&mod_no=184&news_no=28227,page_publication_date
tpca_public_industry,pcb_material_revenue_yoy,Taiwan PCB industry,2025-12,2025-12-30 16:00:00+00:00,2026-01-21 15:59:59+00:00,5.5,percent,5.5,CCL,physical_throughput,TPCA public industry chart,https://www.tpca.org.tw/web/news_detail.php?menu_no=312&mod_no=184&news_no=28229,page_publication_date
tpca_public_industry,pcb_revenue_yoy,Taiwan PCB industry,2025-12,2025-12-30 16:00:00+00:00,2026-01-14 15:59:59+00:00,23.95,percent,23.95,Networking,physical_throughput,TPCA public industry chart,https://www.tpca.org.tw/web/news_detail.php?menu_no=312&mod_no=184&news_no=28196,page_publication_date
tpca_public_industry,rigid_pcb_export_yoy,Taiwan PCB industry,2025-12,2025-12-30 16:00:00+00:00,2026-01-14 15:59:59+00:00,9.38,percent,9.38,Networking,physical_throughput,TPCA public industry chart,https://www.tpca.org.tw/web/news_detail.php?menu_no=312&mod_no=184&news_no=28197,page_publication_date
mops_abf_monthly_revenue,abf_company_revenue_yoy::3037.TW,欣興,2026-01,2026-01-30 16:00:00+00:00,2026-02-10 15:59:59+00:00,12766959.0,TWD thousand,34.47580022943224,ABF,financial_confirmation,FinMind TaiwanStockMonthRevenue (MOPS-derived),https://api.finmindtrade.com/api/v4/data,regulatory_deadline_proxy
mops_abf_monthly_revenue,abf_company_revenue_yoy::3189.TW,景碩,2026-01,2026-01-30 16:00:00+00:00,2026-02-10 15:59:59+00:00,3961154.0,TWD thousand,54.94259797459837,ABF,financial_confirmation,FinMind TaiwanStockMonthRevenue (MOPS-derived),https://api.finmindtrade.com/api/v4/data,regulatory_deadline_proxy
mops_abf_monthly_revenue,abf_company_revenue_yoy::8046.TW,南電,2026-01,2026-01-30 16:00:00+00:00,2026-02-10 15:59:59+00:00,3720425.0,TWD thousand,44.98222027375907,ABF,financial_confirmation,FinMind TaiwanStockMonthRevenue (MOPS-derived),https://api.finmindtrade.com/api/v4/data,regulatory_deadline_proxy
tpca_public_industry,ccl_export_yoy,Taiwan PCB industry,2026-01,2026-01-30 16:00:00+00:00,2026-02-24 15:59:59+00:00,29.1,percent,29.1,CCL,physical_throughput,TPCA public industry chart,https://www.tpca.org.tw/web/news_detail.php?menu_no=312&mod_no=184&news_no=28321,page_publication_date
tpca_public_industry,ccl_import_yoy,Taiwan PCB industry,2026-01,2026-01-30 16:00:00+00:00,2026-02-24 15:59:59+00:00,66.7,percent,66.7,CCL,market_tightness,TPCA public industry chart,https://www.tpca.org.tw/web/news_detail.php?menu_no=312&mod_no=184&news_no=28320,page_publication_date
tpca_public_industry,pcb_material_revenue_yoy,Taiwan PCB industry,2026-01,2026-01-30 16:00:00+00:00,2026-02-24 15:59:59+00:00,23.51,percent,23.51,CCL,physical_throughput,TPCA public industry chart,https://www.tpca.org.tw/web/news_detail.php?menu_no=312&mod_no=184&news_no=28322,page_publication_date
tpca_public_industry,pcb_revenue_yoy,Taiwan PCB industry,2026-01,2026-01-30 16:00:00+00:00,2026-02-11 15:59:59+00:00,29.77,percent,29.77,Networking,physical_throughput,TPCA public industry chart,https://www.tpca.org.tw/web/news_detail.php?menu_no=312&mod_no=184&news_no=28298,page_publication_date
tpca_public_industry,rigid_pcb_export_yoy,Taiwan PCB industry,2026-01,2026-01-30 16:00:00+00:00,2026-02-11 15:59:59+00:00,39.06,percent,39.06,Networking,physical_throughput,TPCA public industry chart,https://www.tpca.org.tw/web/news_detail.php?menu_no=312&mod_no=184&news_no=28303,page_publication_date
mops_abf_monthly_revenue,abf_company_revenue_yoy::3037.TW,欣興,2026-02,2026-02-27 16:00:00+00:00,2026-03-10 15:59:59+00:00,11600477.0,TWD thousand,16.175827288098986,ABF,financial_confirmation,FinMind TaiwanStockMonthRevenue (MOPS-derived),https://api.finmindtrade.com/api/v4/data,regulatory_deadline_proxy
mops_abf_monthly_revenue,abf_company_revenue_yoy::3189.TW,景碩,2026-02,2026-02-27 16:00:00+00:00,2026-03-10 15:59:59+00:00,3204487.0,TWD thousand,9.999886721454576,ABF,financial_confirmation,FinMind TaiwanStockMonthRevenue (MOPS-derived),https://api.finmindtrade.com/api/v4/data,regulatory_deadline_proxy
mops_abf_monthly_revenue,abf_company_revenue_yoy::8046.TW,南電,2026-02,2026-02-27 16:00:00+00:00,2026-03-10 15:59:59+00:00,3166126.0,TWD thousand,12.840293857790533,ABF,financial_confirmation,FinMind TaiwanStockMonthRevenue (MOPS-derived),https://api.finmindtrade.com/api/v4/data,regulatory_deadline_proxy
tpca_public_industry,ccl_export_yoy,Taiwan PCB industry,2026-02,2026-02-27 16:00:00+00:00,2026-03-18 15:59:59+00:00,-2.4,percent,-2.4,CCL,physical_throughput,TPCA public industry chart,https://www.tpca.org.tw/web/news_detail.php?menu_no=312&mod_no=184&news_no=28398,page_publication_date
tpca_public_industry,ccl_import_yoy,Taiwan PCB industry,2026-02,2026-02-27 16:00:00+00:00,2026-03-18 15:59:59+00:00,52.8,percent,52.8,CCL,market_tightness,TPCA public industry chart,https://www.tpca.org.tw/web/news_detail.php?menu_no=312&mod_no=184&news_no=28399,page_publication_date
tpca_public_industry,pcb_material_revenue_yoy,Taiwan PCB industry,2026-02,2026-02-27 16:00:00+00:00,2026-03-18 15:59:59+00:00,-0.34,percent,-0.34,CCL,physical_throughput,TPCA public industry chart,https://www.tpca.org.tw/web/news_detail.php?menu_no=312&mod_no=184&news_no=28396,page_publication_date
tpca_public_industry,pcb_revenue_yoy,Taiwan PCB industry,2026-02,2026-02-27 16:00:00+00:00,2026-03-10 15:59:59+00:00,11.01,percent,11.01,Networking,physical_throughput,TPCA public industry chart,https://www.tpca.org.tw/web/news_detail.php?menu_no=312&mod_no=184&news_no=28354,page_publication_date
tpca_public_industry,rigid_pcb_export_yoy,Taiwan PCB industry,2026-02,2026-02-27 16:00:00+00:00,2026-03-10 15:59:59+00:00,-0.03,percent,-0.03,Networking,physical_throughput,TPCA public industry chart,https://www.tpca.org.tw/web/news_detail.php?menu_no=312&mod_no=184&news_no=28356,page_publication_date
mops_abf_monthly_revenue,abf_company_revenue_yoy::3037.TW,欣興,2026-03,2026-03-30 16:00:00+00:00,2026-04-10 15:59:59+00:00,13079019.0,TWD thousand,23.26620570318607,ABF,financial_confirmation,FinMind TaiwanStockMonthRevenue (MOPS-derived),https://api.finmindtrade.com/api/v4/data,regulatory_deadline_proxy
mops_abf_monthly_revenue,abf_company_revenue_yoy::3189.TW,景碩,2026-03,2026-03-30 16:00:00+00:00,2026-04-10 15:59:59+00:00,3939324.0,TWD thousand,25.056277045282904,ABF,financial_confirmation,FinMind TaiwanStockMonthRevenue (MOPS-derived),https://api.finmindtrade.com/api/v4/data,regulatory_deadline_proxy
mops_abf_monthly_revenue,abf_company_revenue_yoy::8046.TW,南電,2026-03,2026-03-30 16:00:00+00:00,2026-04-10 15:59:59+00:00,4290690.0,TWD thousand,39.034561868531405,ABF,financial_confirmation,FinMind TaiwanStockMonthRevenue (MOPS-derived),https://api.finmindtrade.com/api/v4/data,regulatory_deadline_proxy
tpca_public_industry,ccl_export_yoy,Taiwan PCB industry,2026-03,2026-03-30 16:00:00+00:00,2026-04-22 15:59:59+00:00,27.9,percent,27.9,CCL,physical_throughput,TPCA public industry chart,https://www.tpca.org.tw/web/news_detail.php?menu_no=312&mod_no=184&news_no=28516,page_publication_date
tpca_public_industry,ccl_import_yoy,Taiwan PCB industry,2026-03,2026-03-30 16:00:00+00:00,2026-04-22 15:59:59+00:00,67.8,percent,67.8,CCL,market_tightness,TPCA public industry chart,https://www.tpca.org.tw/web/news_detail.php?menu_no=312&mod_no=184&news_no=28517,page_publication_date
tpca_public_industry,pcb_material_revenue_yoy,Taiwan PCB industry,2026-03,2026-03-30 16:00:00+00:00,2026-04-22 15:59:59+00:00,23.8,percent,23.8,CCL,physical_throughput,TPCA public industry chart,https://www.tpca.org.tw/web/news_detail.php?menu_no=312&mod_no=184&news_no=28518,page_publication_date
tpca_public_industry,pcb_revenue_yoy,Taiwan PCB industry,2026-03,2026-03-30 16:00:00+00:00,2026-04-14 15:59:59+00:00,22.87,percent,22.87,Networking,physical_throughput,TPCA public industry chart,https://www.tpca.org.tw/web/news_detail.php?menu_no=312&mod_no=184&news_no=28490,page_publication_date
tpca_public_industry,rigid_pcb_export_yoy,Taiwan PCB industry,2026-03,2026-03-30 16:00:00+00:00,2026-04-14 15:59:59+00:00,17.21,percent,17.21,Networking,physical_throughput,TPCA public industry chart,https://www.tpca.org.tw/web/news_detail.php?menu_no=312&mod_no=184&news_no=28489,page_publication_date
mops_abf_monthly_revenue,abf_company_revenue_yoy::3037.TW,欣興,2026-04,2026-04-29 16:00:00+00:00,2026-05-10 15:59:59+00:00,13932815.0,TWD thousand,27.63677460986582,ABF,financial_confirmation,FinMind TaiwanStockMonthRevenue (MOPS-derived),https://api.finmindtrade.com/api/v4/data,regulatory_deadline_proxy
mops_abf_monthly_revenue,abf_company_revenue_yoy::3189.TW,景碩,2026-04,2026-04-29 16:00:00+00:00,2026-05-10 15:59:59+00:00,4072319.0,TWD thousand,26.75133939090044,ABF,financial_confirmation,FinMind TaiwanStockMonthRevenue (MOPS-derived),https://api.finmindtrade.com/api/v4/data,regulatory_deadline_proxy
mops_abf_monthly_revenue,abf_company_revenue_yoy::8046.TW,南電,2026-04,2026-04-29 16:00:00+00:00,2026-05-10 15:59:59+00:00,4450857.0,TWD thousand,39.46653823592818,ABF,financial_confirmation,FinMind TaiwanStockMonthRevenue (MOPS-derived),https://api.finmindtrade.com/api/v4/data,regulatory_deadline_proxy
tpca_public_industry,ccl_export_yoy,Taiwan PCB industry,2026-04,2026-04-29 16:00:00+00:00,2026-05-18 15:59:59+00:00,10.0,percent,10.0,CCL,physical_throughput,TPCA public industry chart,https://www.tpca.org.tw/web/news_detail.php?menu_no=312&mod_no=184&news_no=28604,page_publication_date
tpca_public_industry,ccl_import_yoy,Taiwan PCB industry,2026-04,2026-04-29 16:00:00+00:00,2026-05-18 15:59:59+00:00,64.1,percent,64.1,CCL,market_tightness,TPCA public industry chart,https://www.tpca.org.tw/web/news_detail.php?menu_no=312&mod_no=184&news_no=28603,page_publication_date
tpca_public_industry,pcb_material_revenue_yoy,Taiwan PCB industry,2026-04,2026-04-29 16:00:00+00:00,2026-05-18 15:59:59+00:00,30.6,percent,30.6,CCL,physical_throughput,TPCA public industry chart,https://www.tpca.org.tw/web/news_detail.php?menu_no=312&mod_no=184&news_no=28605,page_publication_date
tpca_public_industry,pcb_revenue_yoy,Taiwan PCB industry,2026-04,2026-04-29 16:00:00+00:00,2026-05-13 15:59:59+00:00,17.87,percent,17.87,Networking,physical_throughput,TPCA public industry chart,https://www.tpca.org.tw/web/news_detail.php?menu_no=312&mod_no=184&news_no=28585,page_publication_date
tpca_public_industry,rigid_pcb_export_yoy,Taiwan PCB industry,2026-04,2026-04-29 16:00:00+00:00,2026-05-13 15:59:59+00:00,20.67,percent,20.67,Networking,physical_throughput,TPCA public industry chart,https://www.tpca.org.tw/web/news_detail.php?menu_no=312&mod_no=184&news_no=28584,page_publication_date
mops_abf_monthly_revenue,abf_company_revenue_yoy::3037.TW,欣興,2026-05,2026-05-30 16:00:00+00:00,2026-06-10 15:59:59+00:00,14059973.0,TWD thousand,32.37498119348985,ABF,financial_confirmation,FinMind TaiwanStockMonthRevenue (MOPS-derived),https://api.finmindtrade.com/api/v4/data,regulatory_deadline_proxy
mops_abf_monthly_revenue,abf_company_revenue_yoy::3189.TW,景碩,2026-05,2026-05-30 16:00:00+00:00,2026-06-10 15:59:59+00:00,4199867.0,TWD thousand,33.02062993597388,ABF,financial_confirmation,FinMind TaiwanStockMonthRevenue (MOPS-derived),https://api.finmindtrade.com/api/v4/data,regulatory_deadline_proxy
mops_abf_monthly_revenue,abf_company_revenue_yoy::8046.TW,南電,2026-05,2026-05-30 16:00:00+00:00,2026-06-10 15:59:59+00:00,4440287.0,TWD thousand,35.82115712146277,ABF,financial_confirmation,FinMind TaiwanStockMonthRevenue (MOPS-derived),https://api.finmindtrade.com/api/v4/data,regulatory_deadline_proxy
tpca_public_industry,ccl_export_yoy,Taiwan PCB industry,2026-05,2026-05-30 16:00:00+00:00,2026-06-23 15:59:59+00:00,32.8,percent,32.8,CCL,physical_throughput,TPCA public industry chart,https://www.tpca.org.tw/web/news_detail.php?menu_no=312&mod_no=184&news_no=28723,page_publication_date
tpca_public_industry,ccl_import_yoy,Taiwan PCB industry,2026-05,2026-05-30 16:00:00+00:00,2026-06-23 15:59:59+00:00,58.2,percent,58.2,CCL,market_tightness,TPCA public industry chart,https://www.tpca.org.tw/web/news_detail.php?menu_no=312&mod_no=184&news_no=28722,page_publication_date
tpca_public_industry,pcb_material_revenue_yoy,Taiwan PCB industry,2026-05,2026-05-30 16:00:00+00:00,2026-06-23 15:59:59+00:00,41.9,percent,41.9,CCL,physical_throughput,TPCA public industry chart,https://www.tpca.org.tw/web/news_detail.php?menu_no=312&mod_no=184&news_no=28724,page_publication_date
tpca_public_industry,pcb_revenue_yoy,Taiwan PCB industry,2026-05,2026-05-30 16:00:00+00:00,2026-06-17 15:59:59+00:00,30.44,percent,30.44,Networking,physical_throughput,TPCA public industry chart,https://www.tpca.org.tw/web/news_detail.php?menu_no=312&mod_no=184&news_no=28699,page_publication_date
tpca_public_industry,rigid_pcb_export_yoy,Taiwan PCB industry,2026-05,2026-05-30 16:00:00+00:00,2026-06-17 15:59:59+00:00,25.57,percent,25.57,Networking,physical_throughput,TPCA public industry chart,https://www.tpca.org.tw/web/news_detail.php?menu_no=312&mod_no=184&news_no=28700,page_publication_date
mops_abf_monthly_revenue,abf_company_revenue_yoy::3037.TW,欣興,2026-06,2026-06-29 16:00:00+00:00,2026-07-10 15:59:59+00:00,14897030.0,TWD thousand,36.31065260526493,ABF,financial_confirmation,FinMind TaiwanStockMonthRevenue (MOPS-derived),https://api.finmindtrade.com/api/v4/data,regulatory_deadline_proxy
mops_abf_monthly_revenue,abf_company_revenue_yoy::3189.TW,景碩,2026-06,2026-06-29 16:00:00+00:00,2026-07-10 15:59:59+00:00,4224069.0,TWD thousand,32.26751795790304,ABF,financial_confirmation,FinMind TaiwanStockMonthRevenue (MOPS-derived),https://api.finmindtrade.com/api/v4/data,regulatory_deadline_proxy
mops_abf_monthly_revenue,abf_company_revenue_yoy::8046.TW,南電,2026-06,2026-06-29 16:00:00+00:00,2026-07-10 15:59:59+00:00,4684331.0,TWD thousand,50.02538145037134,ABF,financial_confirmation,FinMind TaiwanStockMonthRevenue (MOPS-derived),https://api.finmindtrade.com/api/v4/data,regulatory_deadline_proxy
tpca_public_industry,ccl_export_yoy,Taiwan PCB industry,2026-06,2026-06-29 16:00:00+00:00,2026-07-22 15:59:59+00:00,27.4,percent,27.4,CCL,physical_throughput,TPCA public industry chart,https://www.tpca.org.tw/web/news_detail.php?menu_no=312&mod_no=184&news_no=500268,page_publication_date
tpca_public_industry,ccl_import_yoy,Taiwan PCB industry,2026-06,2026-06-29 16:00:00+00:00,2026-07-22 15:59:59+00:00,65.3,percent,65.3,CCL,market_tightness,TPCA public industry chart,https://www.tpca.org.tw/web/news_detail.php?menu_no=312&mod_no=184&news_no=500267,page_publication_date
tpca_public_industry,pcb_material_revenue_yoy,Taiwan PCB industry,2026-06,2026-06-29 16:00:00+00:00,2026-07-22 15:59:59+00:00,45.3,percent,45.3,CCL,physical_throughput,TPCA public industry chart,https://www.tpca.org.tw/web/news_detail.php?menu_no=312&mod_no=184&news_no=500264,page_publication_date
tpca_public_industry,pcb_revenue_yoy,Taiwan PCB industry,2026-06,2026-06-29 16:00:00+00:00,2026-07-15 15:59:59+00:00,32.08,percent,32.08,Networking,physical_throughput,TPCA public industry chart,https://www.tpca.org.tw/web/news_detail.php?menu_no=312&mod_no=184&news_no=500238,page_publication_date
tpca_public_industry,rigid_pcb_export_yoy,Taiwan PCB industry,2026-06,2026-06-29 16:00:00+00:00,2026-07-15 15:59:59+00:00,33.43,percent,33.43,Networking,physical_throughput,TPCA public industry chart,https://www.tpca.org.tw/web/news_detail.php?menu_no=312&mod_no=184&news_no=500243,page_publication_date
mops_abf_monthly_revenue,abf_company_revenue_yoy::3037.TW,欣興,2026-07,2026-07-30 16:00:00+00:00,2026-08-10 15:59:59+00:00,16253637.0,TWD thousand,43.69159138764762,ABF,financial_confirmation,FinMind TaiwanStockMonthRevenue (MOPS-derived),https://api.finmindtrade.com/api/v4/data,regulatory_deadline_proxy
mops_abf_monthly_revenue,abf_company_revenue_yoy::3189.TW,景碩,2026-07,2026-07-30 16:00:00+00:00,2026-08-10 15:59:59+00:00,4548833.0,TWD thousand,35.85228262015483,ABF,financial_confirmation,FinMind TaiwanStockMonthRevenue (MOPS-derived),https://api.finmindtrade.com/api/v4/data,regulatory_deadline_proxy
mops_abf_monthly_revenue,abf_company_revenue_yoy::8046.TW,南電,2026-07,2026-07-30 16:00:00+00:00,2026-08-10 15:59:59+00:00,5439751.0,TWD thousand,50.24118404310352,ABF,financial_confirmation,FinMind TaiwanStockMonthRevenue (MOPS-derived),https://api.finmindtrade.com/api/v4/data,regulatory_deadline_proxy
tpca_public_industry,ccl_export_yoy,Taiwan PCB industry,2026-07,2026-07-30 16:00:00+00:00,2026-08-19 15:59:59+00:00,70.6,percent,70.6,CCL,physical_throughput,TPCA public industry chart,https://www.tpca.org.tw/web/news_detail.php?menu_no=312&mod_no=184&news_no=500352,page_publication_date
tpca_public_industry,ccl_import_yoy,Taiwan PCB industry,2026-07,2026-07-30 16:00:00+00:00,2026-08-19 15:59:59+00:00,68.4,percent,68.4,CCL,market_tightness,TPCA public industry chart,https://www.tpca.org.tw/web/news_detail.php?menu_no=312&mod_no=184&news_no=500351,page_publication_date
tpca_public_industry,pcb_material_revenue_yoy,Taiwan PCB industry,2026-07,2026-07-30 16:00:00+00:00,2026-08-19 15:59:59+00:00,55.1,percent,55.1,CCL,physical_throughput,TPCA public industry chart,https://www.tpca.org.tw/web/news_detail.php?menu_no=312&mod_no=184&news_no=500353,page_publication_date
tpca_public_industry,pcb_revenue_yoy,Taiwan PCB industry,2026-07,2026-07-30 16:00:00+00:00,2026-08-11 15:59:59+00:00,37.6,percent,37.6,Networking,physical_throughput,TPCA public industry chart,https://www.tpca.org.tw/web/news_detail.php?menu_no=312&mod_no=184&news_no=500324,page_publication_date
tpca_public_industry,rigid_pcb_export_yoy,Taiwan PCB industry,2026-07,2026-07-30 16:00:00+00:00,2026-08-11 15:59:59+00:00,26.91,percent,26.91,Networking,physical_throughput,TPCA public industry chart,https://www.tpca.org.tw/web/news_detail.php?menu_no=312&mod_no=184&news_no=500326,page_publication_date
trendforce_public_dram,dram_contract_ddr4_16gb_sodimm,DDR4 16GB SO-DIMM,2026-07-31,2026-07-31 07:00:00+00:00,2026-07-31 07:00:00+00:00,265.0,USD,16.74,Memory,market_tightness,TrendForce public DRAM price page,https://www.trendforce.com/price/dram/dram_contract,page_last_update
trendforce_public_dram,dram_contract_ddr5_8gb_sodimm,DDR5 8GB SO-DIMM,2026-07-31,2026-07-31 07:00:00+00:00,2026-07-31 07:00:00+00:00,130.0,USD,13.04,Memory,market_tightness,TrendForce public DRAM price page,https://www.trendforce.com/price/dram/dram_contract,page_last_update
mops_abf_monthly_revenue,abf_company_revenue_yoy::3037.TW,欣興,2026-08,2026-08-30 16:00:00+00:00,2026-09-10 15:59:59+00:00,17745519.0,TWD thousand,56.25723917867715,ABF,financial_confirmation,FinMind TaiwanStockMonthRevenue (MOPS-derived),https://api.finmindtrade.com/api/v4/data,regulatory_deadline_proxy
mops_abf_monthly_revenue,abf_company_revenue_yoy::3189.TW,景碩,2026-08,2026-08-30 16:00:00+00:00,2026-09-10 15:59:59+00:00,4809631.0,TWD thousand,40.57567965225748,ABF,financial_confirmation,FinMind TaiwanStockMonthRevenue (MOPS-derived),https://api.finmindtrade.com/api/v4/data,regulatory_deadline_proxy
mops_abf_monthly_revenue,abf_company_revenue_yoy::8046.TW,南電,2026-08,2026-08-30 16:00:00+00:00,2026-09-10 15:59:59+00:00,5352700.0,TWD thousand,40.59000155490278,ABF,financial_confirmation,FinMind TaiwanStockMonthRevenue (MOPS-derived),https://api.finmindtrade.com/api/v4/data,regulatory_deadline_proxy
tpca_public_industry,ccl_export_yoy,Taiwan PCB industry,2026-08,2026-08-30 16:00:00+00:00,2026-09-23 15:59:59+00:00,41.5,percent,41.5,CCL,physical_throughput,TPCA public industry chart,https://www.tpca.org.tw/web/news_detail.php?menu_no=312&mod_no=184&news_no=500499,page_publication_date
tpca_public_industry,ccl_import_yoy,Taiwan PCB industry,2026-08,2026-08-30 16:00:00+00:00,2026-09-23 15:59:59+00:00,63.0,percent,63.0,CCL,market_tightness,TPCA public industry chart,https://www.tpca.org.tw/web/news_detail.php?menu_no=312&mod_no=184&news_no=500500,page_publication_date
tpca_public_industry,pcb_material_revenue_yoy,Taiwan PCB industry,2026-08,2026-08-30 16:00:00+00:00,2026-09-23 15:59:59+00:00,59.3,percent,59.3,CCL,physical_throughput,TPCA public industry chart,https://www.tpca.org.tw/web/news_detail.php?menu_no=312&mod_no=184&news_no=500497,page_publication_date
tpca_public_industry,pcb_revenue_yoy,Taiwan PCB industry,2026-08,2026-08-30 16:00:00+00:00,2026-09-16 15:59:59+00:00,40.9,percent,40.9,Networking,physical_throughput,TPCA public industry chart,https://www.tpca.org.tw/web/news_detail.php?menu_no=312&mod_no=184&news_no=500469,page_publication_date
tpca_public_industry,rigid_pcb_export_yoy,Taiwan PCB industry,2026-08,2026-08-30 16:00:00+00:00,2026-09-16 15:59:59+00:00,32.36,percent,32.36,Networking,physical_throughput,TPCA public industry chart,https://www.tpca.org.tw/web/news_detail.php?menu_no=312&mod_no=184&news_no=500466,page_publication_date
trendforce_public_dram,dram_spot_ddr5_16gb,DDR5 16Gb (2Gx8) 4800/5600,2026-09-21,2026-09-21 10:10:00+00:00,2026-09-21 10:10:00+00:00,56.933,USD,1.67,Memory,market_tightness,TrendForce public DRAM price page,https://www.trendforce.com/price/dram/dram_contract,page_last_update
trendforce_public_dram,dram_spot_ddr5_16gb,DDR5 16Gb (2Gx8) 4800/5600,2026-09-22,2026-09-22 06:40:00+00:00,2026-09-22 06:40:00+00:00,57.167,USD,0.41,Memory,market_tightness,TrendForce public DRAM price page,https://www.trendforce.com/price/dram/dram_contract,page_last_update
trendforce_public_dram,dram_spot_ddr5_16gb,DDR5 16Gb (2Gx8) 4800/5600,2026-09-23,2026-09-23 06:40:00+00:00,2026-09-23 06:40:00+00:00,57.5,USD,0.58,Memory,market_tightness,TrendForce public DRAM price page,https://www.trendforce.com/price/dram/dram_contract,page_last_update
trendforce_public_dram,dram_spot_ddr5_16gb,DDR5 16Gb (2Gx8) 4800/5600,2026-09-24,2026-09-24 10:10:00+00:00,2026-09-24 10:10:00+00:00,57.667,USD,0.29,Memory,market_tightness,TrendForce public DRAM price page,https://www.trendforce.com/price/dram/dram_contract,page_last_update
