company,ticker,period,period_date,published_at,monthly_revenue,yoy_pct,source,source_url,knowledge_time_method,transport
欣興,3037.TW,2024-01,2024-01-31T00:00:00+08:00,2024-02-10T23:59:59+08:00,9222048.0,-6.189325881957652,FinMind TaiwanStockMonthRevenue (MOPS-derived),https://api.finmindtrade.com/api/v4/data,regulatory_deadline_proxy,finmind
景碩,3189.TW,2024-01,2024-01-31T00:00:00+08:00,2024-02-10T23:59:59+08:00,2313032.0,8.972203285704383,FinMind TaiwanStockMonthRevenue (MOPS-derived),https://api.finmindtrade.com/api/v4/data,regulatory_deadline_proxy,finmind
南電,8046.TW,2024-01,2024-01-31T00:00:00+08:00,2024-02-10T23:59:59+08:00,2561593.0,-37.6088152632793,FinMind TaiwanStockMonthRevenue (MOPS-derived),https://api.finmindtrade.com/api/v4/data,regulatory_deadline_proxy,finmind
欣興,3037.TW,2024-02,2024-02-29T00:00:00+08:00,2024-03-10T23:59:59+08:00,8279814.0,2.576372488448442,FinMind TaiwanStockMonthRevenue (MOPS-derived),https://api.finmindtrade.com/api/v4/data,regulatory_deadline_proxy,finmind
景碩,3189.TW,2024-02,2024-02-29T00:00:00+08:00,2024-03-10T23:59:59+08:00,2238258.0,6.088684277506995,FinMind TaiwanStockMonthRevenue (MOPS-derived),https://api.finmindtrade.com/api/v4/data,regulatory_deadline_proxy,finmind
南電,8046.TW,2024-02,2024-02-29T00:00:00+08:00,2024-03-10T23:59:59+08:00,1872631.0,-54.43149202393973,FinMind TaiwanStockMonthRevenue (MOPS-derived),https://api.finmindtrade.com/api/v4/data,regulatory_deadline_proxy,finmind
欣興,3037.TW,2024-03,2024-03-31T00:00:00+08:00,2024-04-10T23:59:59+08:00,8900957.0,2.736573427283706,FinMind TaiwanStockMonthRevenue (MOPS-derived),https://api.finmindtrade.com/api/v4/data,regulatory_deadline_proxy,finmind
景碩,3189.TW,2024-03,2024-03-31T00:00:00+08:00,2024-04-10T23:59:59+08:00,2443094.0,-6.104906339116201,FinMind TaiwanStockMonthRevenue (MOPS-derived),https://api.finmindtrade.com/api/v4/data,regulatory_deadline_proxy,finmind
南電,8046.TW,2024-03,2024-03-31T00:00:00+08:00,2024-04-10T23:59:59+08:00,2666348.0,-38.92192716714676,FinMind TaiwanStockMonthRevenue (MOPS-derived),https://api.finmindtrade.com/api/v4/data,regulatory_deadline_proxy,finmind
欣興,3037.TW,2024-04,2024-04-30T00:00:00+08:00,2024-05-10T23:59:59+08:00,9361971.0,11.867864547933893,FinMind TaiwanStockMonthRevenue (MOPS-derived),https://api.finmindtrade.com/api/v4/data,regulatory_deadline_proxy,finmind
景碩,3189.TW,2024-04,2024-04-30T00:00:00+08:00,2024-05-10T23:59:59+08:00,2388468.0,10.400785411462788,FinMind TaiwanStockMonthRevenue (MOPS-derived),https://api.finmindtrade.com/api/v4/data,regulatory_deadline_proxy,finmind
南電,8046.TW,2024-04,2024-04-30T00:00:00+08:00,2024-05-10T23:59:59+08:00,2676047.0,-27.857277458032737,FinMind TaiwanStockMonthRevenue (MOPS-derived),https://api.finmindtrade.com/api/v4/data,regulatory_deadline_proxy,finmind
欣興,3037.TW,2024-05,2024-05-31T00:00:00+08:00,2024-06-10T23:59:59+08:00,9643831.0,12.159297370862765,FinMind TaiwanStockMonthRevenue (MOPS-derived),https://api.finmindtrade.com/api/v4/data,regulatory_deadline_proxy,finmind
景碩,3189.TW,2024-05,2024-05-31T00:00:00+08:00,2024-06-10T23:59:59+08:00,2511206.0,10.104298932983502,FinMind TaiwanStockMonthRevenue (MOPS-derived),https://api.finmindtrade.com/api/v4/data,regulatory_deadline_proxy,finmind
南電,8046.TW,2024-05,2024-05-31T00:00:00+08:00,2024-06-10T23:59:59+08:00,2699432.0,-19.145614643593756,FinMind TaiwanStockMonthRevenue (MOPS-derived),https://api.finmindtrade.com/api/v4/data,regulatory_deadline_proxy,finmind
欣興,3037.TW,2024-06,2024-06-30T00:00:00+08:00,2024-07-10T23:59:59+08:00,8871595.0,7.303009495758062,FinMind TaiwanStockMonthRevenue (MOPS-derived),https://api.finmindtrade.com/api/v4/data,regulatory_deadline_proxy,finmind
景碩,3189.TW,2024-06,2024-06-30T00:00:00+08:00,2024-07-10T23:59:59+08:00,2400808.0,18.96843491717877,FinMind TaiwanStockMonthRevenue (MOPS-derived),https://api.finmindtrade.com/api/v4/data,regulatory_deadline_proxy,finmind
南電,8046.TW,2024-06,2024-06-30T00:00:00+08:00,2024-07-10T23:59:59+08:00,2745127.0,-11.035120866727377,FinMind TaiwanStockMonthRevenue (MOPS-derived),https://api.finmindtrade.com/api/v4/data,regulatory_deadline_proxy,finmind
欣興,3037.TW,2024-07,2024-07-31T00:00:00+08:00,2024-08-10T23:59:59+08:00,10051113.0,17.296780157309666,FinMind TaiwanStockMonthRevenue (MOPS-derived),https://api.finmindtrade.com/api/v4/data,regulatory_deadline_proxy,finmind
景碩,3189.TW,2024-07,2024-07-31T00:00:00+08:00,2024-08-10T23:59:59+08:00,2692121.0,39.116412776844456,FinMind TaiwanStockMonthRevenue (MOPS-derived),https://api.finmindtrade.com/api/v4/data,regulatory_deadline_proxy,finmind
南電,8046.TW,2024-07,2024-07-31T00:00:00+08:00,2024-08-10T23:59:59+08:00,3125412.0,-6.242637267433649,FinMind TaiwanStockMonthRevenue (MOPS-derived),https://api.finmindtrade.com/api/v4/data,regulatory_deadline_proxy,finmind
欣興,3037.TW,2024-08,2024-08-31T00:00:00+08:00,2024-09-10T23:59:59+08:00,10823395.0,17.41789644668421,FinMind TaiwanStockMonthRevenue (MOPS-derived),https://api.finmindtrade.com/api/v4/data,regulatory_deadline_proxy,finmind
景碩,3189.TW,2024-08,2024-08-31T00:00:00+08:00,2024-09-10T23:59:59+08:00,2858462.0,34.03616703515184,FinMind TaiwanStockMonthRevenue (MOPS-derived),https://api.finmindtrade.com/api/v4/data,regulatory_deadline_proxy,finmind
南電,8046.TW,2024-08,2024-08-31T00:00:00+08:00,2024-09-10T23:59:59+08:00,3097645.0,-8.194913450897623,FinMind TaiwanStockMonthRevenue (MOPS-derived),https://api.finmindtrade.com/api/v4/data,regulatory_deadline_proxy,finmind
欣興,3037.TW,2024-09,2024-09-30T00:00:00+08:00,2024-10-10T23:59:59+08:00,10837646.0,23.733578905738373,FinMind TaiwanStockMonthRevenue (MOPS-derived),https://api.finmindtrade.com/api/v4/data,regulatory_deadline_proxy,finmind
景碩,3189.TW,2024-09,2024-09-30T00:00:00+08:00,2024-10-10T23:59:59+08:00,2646537.0,33.770974555817325,FinMind TaiwanStockMonthRevenue (MOPS-derived),https://api.finmindtrade.com/api/v4/data,regulatory_deadline_proxy,finmind
南電,8046.TW,2024-09,2024-09-30T00:00:00+08:00,2024-10-10T23:59:59+08:00,2968814.0,-15.651959716102336,FinMind TaiwanStockMonthRevenue (MOPS-derived),https://api.finmindtrade.com/api/v4/data,regulatory_deadline_proxy,finmind
欣興,3037.TW,2024-10,2024-10-31T00:00:00+08:00,2024-11-10T23:59:59+08:00,10479818.0,19.23182425469998,FinMind TaiwanStockMonthRevenue (MOPS-derived),https://api.finmindtrade.com/api/v4/data,regulatory_deadline_proxy,finmind
景碩,3189.TW,2024-10,2024-10-31T00:00:00+08:00,2024-11-10T23:59:59+08:00,2576678.0,2.724595110064998,FinMind TaiwanStockMonthRevenue (MOPS-derived),https://api.finmindtrade.com/api/v4/data,regulatory_deadline_proxy,finmind
南電,8046.TW,2024-10,2024-10-31T00:00:00+08:00,2024-11-10T23:59:59+08:00,2616078.0,-27.33595038326644,FinMind TaiwanStockMonthRevenue (MOPS-derived),https://api.finmindtrade.com/api/v4/data,regulatory_deadline_proxy,finmind
欣興,3037.TW,2024-11,2024-11-30T00:00:00+08:00,2024-12-10T23:59:59+08:00,9583655.0,9.963317468549636,FinMind TaiwanStockMonthRevenue (MOPS-derived),https://api.finmindtrade.com/api/v4/data,regulatory_deadline_proxy,finmind
景碩,3189.TW,2024-11,2024-11-30T00:00:00+08:00,2024-12-10T23:59:59+08:00,2520732.0,-0.382940078769467,FinMind TaiwanStockMonthRevenue (MOPS-derived),https://api.finmindtrade.com/api/v4/data,regulatory_deadline_proxy,finmind
南電,8046.TW,2024-11,2024-11-30T00:00:00+08:00,2024-12-10T23:59:59+08:00,2577203.0,-15.057724556897945,FinMind TaiwanStockMonthRevenue (MOPS-derived),https://api.finmindtrade.com/api/v4/data,regulatory_deadline_proxy,finmind
欣興,3037.TW,2024-12,2024-12-31T00:00:00+08:00,2025-01-10T23:59:59+08:00,9317439.0,13.840895387260122,FinMind TaiwanStockMonthRevenue (MOPS-derived),https://api.finmindtrade.com/api/v4/data,regulatory_deadline_proxy,finmind
景碩,3189.TW,2024-12,2024-12-31T00:00:00+08:00,2025-01-10T23:59:59+08:00,2945583.0,20.193291318212523,FinMind TaiwanStockMonthRevenue (MOPS-derived),https://api.finmindtrade.com/api/v4/data,regulatory_deadline_proxy,finmind
南電,8046.TW,2024-12,2024-12-31T00:00:00+08:00,2025-01-10T23:59:59+08:00,2677001.0,0.015243258874253485,FinMind TaiwanStockMonthRevenue (MOPS-derived),https://api.finmindtrade.com/api/v4/data,regulatory_deadline_proxy,finmind
欣興,3037.TW,2025-01,2025-01-31T00:00:00+08:00,2025-02-10T23:59:59+08:00,9493871.0,2.947533996786822,FinMind TaiwanStockMonthRevenue (MOPS-derived),https://api.finmindtrade.com/api/v4/data,regulatory_deadline_proxy,finmind
景碩,3189.TW,2025-01,2025-01-31T00:00:00+08:00,2025-02-10T23:59:59+08:00,2556530.0,10.527221413279197,FinMind TaiwanStockMonthRevenue (MOPS-derived),https://api.finmindtrade.com/api/v4/data,regulatory_deadline_proxy,finmind
南電,8046.TW,2025-01,2025-01-31T00:00:00+08:00,2025-02-10T23:59:59+08:00,2566125.0,0.17692115804501807,FinMind TaiwanStockMonthRevenue (MOPS-derived),https://api.finmindtrade.com/api/v4/data,regulatory_deadline_proxy,finmind
欣興,3037.TW,2025-02,2025-02-28T00:00:00+08:00,2025-03-10T23:59:59+08:00,9985276.0,20.59782985463201,FinMind TaiwanStockMonthRevenue (MOPS-derived),https://api.finmindtrade.com/api/v4/data,regulatory_deadline_proxy,finmind
景碩,3189.TW,2025-02,2025-02-28T00:00:00+08:00,2025-03-10T23:59:59+08:00,2913173.0,30.153583724485735,FinMind TaiwanStockMonthRevenue (MOPS-derived),https://api.finmindtrade.com/api/v4/data,regulatory_deadline_proxy,finmind
南電,8046.TW,2025-02,2025-02-28T00:00:00+08:00,2025-03-10T23:59:59+08:00,2805847.0,49.83448420964942,FinMind TaiwanStockMonthRevenue (MOPS-derived),https://api.finmindtrade.com/api/v4/data,regulatory_deadline_proxy,finmind
欣興,3037.TW,2025-03,2025-03-31T00:00:00+08:00,2025-04-10T23:59:59+08:00,10610385.0,19.20499110376559,FinMind TaiwanStockMonthRevenue (MOPS-derived),https://api.finmindtrade.com/api/v4/data,regulatory_deadline_proxy,finmind
景碩,3189.TW,2025-03,2025-03-31T00:00:00+08:00,2025-04-10T23:59:59+08:00,3150041.0,28.93654521684388,FinMind TaiwanStockMonthRevenue (MOPS-derived),https://api.finmindtrade.com/api/v4/data,regulatory_deadline_proxy,finmind
南電,8046.TW,2025-03,2025-03-31T00:00:00+08:00,2025-04-10T23:59:59+08:00,3086060.0,15.741081059186568,FinMind TaiwanStockMonthRevenue (MOPS-derived),https://api.finmindtrade.com/api/v4/data,regulatory_deadline_proxy,finmind
欣興,3037.TW,2025-04,2025-04-30T00:00:00+08:00,2025-05-10T23:59:59+08:00,10915988.0,16.599250307440606,FinMind TaiwanStockMonthRevenue (MOPS-derived),https://api.finmindtrade.com/api/v4/data,regulatory_deadline_proxy,finmind
景碩,3189.TW,2025-04,2025-04-30T00:00:00+08:00,2025-05-10T23:59:59+08:00,3212841.0,34.51471822105216,FinMind TaiwanStockMonthRevenue (MOPS-derived),https://api.finmindtrade.com/api/v4/data,regulatory_deadline_proxy,finmind
南電,8046.TW,2025-04,2025-04-30T00:00:00+08:00,2025-05-10T23:59:59+08:00,3191344.0,19.255902456122787,FinMind TaiwanStockMonthRevenue (MOPS-derived),https://api.finmindtrade.com/api/v4/data,regulatory_deadline_proxy,finmind
欣興,3037.TW,2025-05,2025-05-31T00:00:00+08:00,2025-06-10T23:59:59+08:00,10621322.0,10.13592005085946,FinMind TaiwanStockMonthRevenue (MOPS-derived),https://api.finmindtrade.com/api/v4/data,regulatory_deadline_proxy,finmind
景碩,3189.TW,2025-05,2025-05-31T00:00:00+08:00,2025-06-10T23:59:59+08:00,3157305.0,25.728633971088,FinMind TaiwanStockMonthRevenue (MOPS-derived),https://api.finmindtrade.com/api/v4/data,regulatory_deadline_proxy,finmind
南電,8046.TW,2025-05,2025-05-31T00:00:00+08:00,2025-06-10T23:59:59+08:00,3269216.0,21.107551514540845,FinMind TaiwanStockMonthRevenue (MOPS-derived),https://api.finmindtrade.com/api/v4/data,regulatory_deadline_proxy,finmind
欣興,3037.TW,2025-06,2025-06-30T00:00:00+08:00,2025-07-10T23:59:59+08:00,10928735.0,23.187938583760868,FinMind TaiwanStockMonthRevenue (MOPS-derived),https://api.finmindtrade.com/api/v4/data,regulatory_deadline_proxy,finmind
景碩,3189.TW,2025-06,2025-06-30T00:00:00+08:00,2025-07-10T23:59:59+08:00,3193580.0,33.021049579974736,FinMind TaiwanStockMonthRevenue (MOPS-derived),https://api.finmindtrade.com/api/v4/data,regulatory_deadline_proxy,finmind
南電,8046.TW,2025-06,2025-06-30T00:00:00+08:00,2025-07-10T23:59:59+08:00,3122359.0,13.74187788033121,FinMind TaiwanStockMonthRevenue (MOPS-derived),https://api.finmindtrade.com/api/v4/data,regulatory_deadline_proxy,finmind
欣興,3037.TW,2025-07,2025-07-31T00:00:00+08:00,2025-08-10T23:59:59+08:00,11311474.0,12.539516767944004,FinMind TaiwanStockMonthRevenue (MOPS-derived),https://api.finmindtrade.com/api/v4/data,regulatory_deadline_proxy,finmind
景碩,3189.TW,2025-07,2025-07-31T00:00:00+08:00,2025-08-10T23:59:59+08:00,3348367.0,24.37654176762485,FinMind TaiwanStockMonthRevenue (MOPS-derived),https://api.finmindtrade.com/api/v4/data,regulatory_deadline_proxy,finmind
南電,8046.TW,2025-07,2025-07-31T00:00:00+08:00,2025-08-10T23:59:59+08:00,3620679.0,15.846454803398725,FinMind TaiwanStockMonthRevenue (MOPS-derived),https://api.finmindtrade.com/api/v4/data,regulatory_deadline_proxy,finmind
欣興,3037.TW,2025-08,2025-08-31T00:00:00+08:00,2025-09-10T23:59:59+08:00,11356606.0,4.92646715748617,FinMind TaiwanStockMonthRevenue (MOPS-derived),https://api.finmindtrade.com/api/v4/data,regulatory_deadline_proxy,finmind
景碩,3189.TW,2025-08,2025-08-31T00:00:00+08:00,2025-09-10T23:59:59+08:00,3421382.0,19.693107692178515,FinMind TaiwanStockMonthRevenue (MOPS-derived),https://api.finmindtrade.com/api/v4/data,regulatory_deadline_proxy,finmind
南電,8046.TW,2025-08,2025-08-31T00:00:00+08:00,2025-09-10T23:59:59+08:00,3807312.0,22.90988799555791,FinMind TaiwanStockMonthRevenue (MOPS-derived),https://api.finmindtrade.com/api/v4/data,regulatory_deadline_proxy,finmind
欣興,3037.TW,2025-09,2025-09-30T00:00:00+08:00,2025-10-10T23:59:59+08:00,11326339.0,4.509217223002127,FinMind TaiwanStockMonthRevenue (MOPS-derived),https://api.finmindtrade.com/api/v4/data,regulatory_deadline_proxy,finmind
景碩,3189.TW,2025-09,2025-09-30T00:00:00+08:00,2025-10-10T23:59:59+08:00,3586439.0,35.51440996290624,FinMind TaiwanStockMonthRevenue (MOPS-derived),https://api.finmindtrade.com/api/v4/data,regulatory_deadline_proxy,finmind
南電,8046.TW,2025-09,2025-09-30T00:00:00+08:00,2025-10-10T23:59:59+08:00,3539459.0,19.22131194476986,FinMind TaiwanStockMonthRevenue (MOPS-derived),https://api.finmindtrade.com/api/v4/data,regulatory_deadline_proxy,finmind
欣興,3037.TW,2025-10,2025-10-31T00:00:00+08:00,2025-11-10T23:59:59+08:00,11327098.0,8.084873229668688,FinMind TaiwanStockMonthRevenue (MOPS-derived),https://api.finmindtrade.com/api/v4/data,regulatory_deadline_proxy,finmind
景碩,3189.TW,2025-10,2025-10-31T00:00:00+08:00,2025-11-10T23:59:59+08:00,3601222.0,39.7622054443745,FinMind TaiwanStockMonthRevenue (MOPS-derived),https://api.finmindtrade.com/api/v4/data,regulatory_deadline_proxy,finmind
南電,8046.TW,2025-10,2025-10-31T00:00:00+08:00,2025-11-10T23:59:59+08:00,3706423.0,41.67861202915204,FinMind TaiwanStockMonthRevenue (MOPS-derived),https://api.finmindtrade.com/api/v4/data,regulatory_deadline_proxy,finmind
欣興,3037.TW,2025-11,2025-11-30T00:00:00+08:00,2025-12-10T23:59:59+08:00,11541416.0,20.428124760334132,FinMind TaiwanStockMonthRevenue (MOPS-derived),https://api.finmindtrade.com/api/v4/data,regulatory_deadline_proxy,finmind
景碩,3189.TW,2025-11,2025-11-30T00:00:00+08:00,2025-12-10T23:59:59+08:00,3521383.0,39.69684202842667,FinMind TaiwanStockMonthRevenue (MOPS-derived),https://api.finmindtrade.com/api/v4/data,regulatory_deadline_proxy,finmind
南電,8046.TW,2025-11,2025-11-30T00:00:00+08:00,2025-12-10T23:59:59+08:00,3534352.0,37.13906122257347,FinMind TaiwanStockMonthRevenue (MOPS-derived),https://api.finmindtrade.com/api/v4/data,regulatory_deadline_proxy,finmind
欣興,3037.TW,2025-12,2025-12-31T00:00:00+08:00,2026-01-10T23:59:59+08:00,11822372.0,26.884350946649604,FinMind TaiwanStockMonthRevenue (MOPS-derived),https://api.finmindtrade.com/api/v4/data,regulatory_deadline_proxy,finmind
景碩,3189.TW,2025-12,2025-12-31T00:00:00+08:00,2026-01-10T23:59:59+08:00,3688833.0,25.23269587039305,FinMind TaiwanStockMonthRevenue (MOPS-derived),https://api.finmindtrade.com/api/v4/data,regulatory_deadline_proxy,finmind
南電,8046.TW,2025-12,2025-12-31T00:00:00+08:00,2026-01-10T23:59:59+08:00,3923814.0,46.57499194060817,FinMind TaiwanStockMonthRevenue (MOPS-derived),https://api.finmindtrade.com/api/v4/data,regulatory_deadline_proxy,finmind
欣興,3037.TW,2026-01,2026-01-31T00:00:00+08:00,2026-02-10T23:59:59+08:00,12766959.0,34.47580022943224,FinMind TaiwanStockMonthRevenue (MOPS-derived),https://api.finmindtrade.com/api/v4/data,regulatory_deadline_proxy,finmind
景碩,3189.TW,2026-01,2026-01-31T00:00:00+08:00,2026-02-10T23:59:59+08:00,3961154.0,54.94259797459837,FinMind TaiwanStockMonthRevenue (MOPS-derived),https://api.finmindtrade.com/api/v4/data,regulatory_deadline_proxy,finmind
南電,8046.TW,2026-01,2026-01-31T00:00:00+08:00,2026-02-10T23:59:59+08:00,3720425.0,44.98222027375907,FinMind TaiwanStockMonthRevenue (MOPS-derived),https://api.finmindtrade.com/api/v4/data,regulatory_deadline_proxy,finmind
欣興,3037.TW,2026-02,2026-02-28T00:00:00+08:00,2026-03-10T23:59:59+08:00,11600477.0,16.175827288098986,FinMind TaiwanStockMonthRevenue (MOPS-derived),https://api.finmindtrade.com/api/v4/data,regulatory_deadline_proxy,finmind
景碩,3189.TW,2026-02,2026-02-28T00:00:00+08:00,2026-03-10T23:59:59+08:00,3204487.0,9.999886721454576,FinMind TaiwanStockMonthRevenue (MOPS-derived),https://api.finmindtrade.com/api/v4/data,regulatory_deadline_proxy,finmind
南電,8046.TW,2026-02,2026-02-28T00:00:00+08:00,2026-03-10T23:59:59+08:00,3166126.0,12.840293857790531,FinMind TaiwanStockMonthRevenue (MOPS-derived),https://api.finmindtrade.com/api/v4/data,regulatory_deadline_proxy,finmind
欣興,3037.TW,2026-03,2026-03-31T00:00:00+08:00,2026-04-10T23:59:59+08:00,13079019.0,23.26620570318607,FinMind TaiwanStockMonthRevenue (MOPS-derived),https://api.finmindtrade.com/api/v4/data,regulatory_deadline_proxy,finmind
景碩,3189.TW,2026-03,2026-03-31T00:00:00+08:00,2026-04-10T23:59:59+08:00,3939324.0,25.056277045282904,FinMind TaiwanStockMonthRevenue (MOPS-derived),https://api.finmindtrade.com/api/v4/data,regulatory_deadline_proxy,finmind
南電,8046.TW,2026-03,2026-03-31T00:00:00+08:00,2026-04-10T23:59:59+08:00,4290690.0,39.034561868531405,FinMind TaiwanStockMonthRevenue (MOPS-derived),https://api.finmindtrade.com/api/v4/data,regulatory_deadline_proxy,finmind
欣興,3037.TW,2026-04,2026-04-30T00:00:00+08:00,2026-05-10T23:59:59+08:00,13932815.0,27.63677460986582,FinMind TaiwanStockMonthRevenue (MOPS-derived),https://api.finmindtrade.com/api/v4/data,regulatory_deadline_proxy,finmind
景碩,3189.TW,2026-04,2026-04-30T00:00:00+08:00,2026-05-10T23:59:59+08:00,4072319.0,26.75133939090044,FinMind TaiwanStockMonthRevenue (MOPS-derived),https://api.finmindtrade.com/api/v4/data,regulatory_deadline_proxy,finmind
南電,8046.TW,2026-04,2026-04-30T00:00:00+08:00,2026-05-10T23:59:59+08:00,4450857.0,39.466538235928184,FinMind TaiwanStockMonthRevenue (MOPS-derived),https://api.finmindtrade.com/api/v4/data,regulatory_deadline_proxy,finmind
欣興,3037.TW,2026-05,2026-05-31T00:00:00+08:00,2026-06-10T23:59:59+08:00,14059973.0,32.37498119348985,FinMind TaiwanStockMonthRevenue (MOPS-derived),https://api.finmindtrade.com/api/v4/data,regulatory_deadline_proxy,finmind
景碩,3189.TW,2026-05,2026-05-31T00:00:00+08:00,2026-06-10T23:59:59+08:00,4199867.0,33.02062993597388,FinMind TaiwanStockMonthRevenue (MOPS-derived),https://api.finmindtrade.com/api/v4/data,regulatory_deadline_proxy,finmind
南電,8046.TW,2026-05,2026-05-31T00:00:00+08:00,2026-06-10T23:59:59+08:00,4440287.0,35.82115712146277,FinMind TaiwanStockMonthRevenue (MOPS-derived),https://api.finmindtrade.com/api/v4/data,regulatory_deadline_proxy,finmind
欣興,3037.TW,2026-06,2026-06-30T00:00:00+08:00,2026-07-10T23:59:59+08:00,14897030.0,36.310652605264934,FinMind TaiwanStockMonthRevenue (MOPS-derived),https://api.finmindtrade.com/api/v4/data,regulatory_deadline_proxy,finmind
景碩,3189.TW,2026-06,2026-06-30T00:00:00+08:00,2026-07-10T23:59:59+08:00,4224069.0,32.26751795790304,FinMind TaiwanStockMonthRevenue (MOPS-derived),https://api.finmindtrade.com/api/v4/data,regulatory_deadline_proxy,finmind
南電,8046.TW,2026-06,2026-06-30T00:00:00+08:00,2026-07-10T23:59:59+08:00,4684331.0,50.02538145037134,FinMind TaiwanStockMonthRevenue (MOPS-derived),https://api.finmindtrade.com/api/v4/data,regulatory_deadline_proxy,finmind
欣興,3037.TW,2026-07,2026-07-31T00:00:00+08:00,2026-08-10T23:59:59+08:00,16253637.0,43.69159138764762,FinMind TaiwanStockMonthRevenue (MOPS-derived),https://api.finmindtrade.com/api/v4/data,regulatory_deadline_proxy,finmind
景碩,3189.TW,2026-07,2026-07-31T00:00:00+08:00,2026-08-10T23:59:59+08:00,4548833.0,35.85228262015483,FinMind TaiwanStockMonthRevenue (MOPS-derived),https://api.finmindtrade.com/api/v4/data,regulatory_deadline_proxy,finmind
南電,8046.TW,2026-07,2026-07-31T00:00:00+08:00,2026-08-10T23:59:59+08:00,5439751.0,50.241184043103516,FinMind TaiwanStockMonthRevenue (MOPS-derived),https://api.finmindtrade.com/api/v4/data,regulatory_deadline_proxy,finmind
欣興,3037.TW,2026-08,2026-08-31T00:00:00+08:00,2026-09-10T23:59:59+08:00,17745519.0,56.25723917867715,FinMind TaiwanStockMonthRevenue (MOPS-derived),https://api.finmindtrade.com/api/v4/data,regulatory_deadline_proxy,finmind
景碩,3189.TW,2026-08,2026-08-31T00:00:00+08:00,2026-09-10T23:59:59+08:00,4809631.0,40.57567965225748,FinMind TaiwanStockMonthRevenue (MOPS-derived),https://api.finmindtrade.com/api/v4/data,regulatory_deadline_proxy,finmind
南電,8046.TW,2026-08,2026-08-31T00:00:00+08:00,2026-09-10T23:59:59+08:00,5352700.0,40.59000155490278,FinMind TaiwanStockMonthRevenue (MOPS-derived),https://api.finmindtrade.com/api/v4/data,regulatory_deadline_proxy,finmind
