evidence_id,theme,dimension,chain,evidence_group,indicator,period_date,published_at,as_of_date,raw_value,raw_unit,yoy_pct,signal,source_type,reliability,reliability_basis,half_life_days,source,notes,transform,transform_version,provenance,source_id,availability_policy,collected_at,exposure_weight,exposure_basis,raw_sha256,raw_snapshot_path,pipeline_run_id
twse_monthly_revenue_2330_11508,AI Infrastructure,financial_confirmation,Foundry,monthly_revenue_2330_11508,台積電 monthly revenue YoY,11508,2026-10-03 15:25:39.960961+00:00,2026-10-03 15:25:39.960961+00:00,53.320053714712955,YoY %,53.320053714712955,0.5332005371471296,company_actual,0.9,SOURCE_CLASS_PRIOR,90,https://openapi.twse.com.tw/v1/opendata/t187ap05_L,"Product mapping: 3nm/4nm Wafer; exposure is configured, not observed product mix.","clip(yoy_pct / 100, -1, 1)",yoy_linear_v1,LIVE_FREE_POINT_IN_TIME,twse_monthly_revenue,collection_time_conservative,2026-10-03 15:25:39.960961+00:00,1.0,CONFIGURED_ASSUMPTION,83480ff80b337e936821b45e2cef1c2a48ba92f112fb3e31027501810e8bccf5,persistent/free_evidence/raw/twse_monthly_revenue/20261003T152539Z.json,37183888541-1
twse_monthly_revenue_3037_11508,AI Infrastructure,financial_confirmation,ABF,monthly_revenue_3037_11508,欣興 monthly revenue YoY,11508,2026-10-03 15:25:39.960961+00:00,2026-10-03 15:25:39.960961+00:00,56.25723917867715,YoY %,56.25723917867715,0.5625723917867715,company_actual,0.9,SOURCE_CLASS_PRIOR,90,https://openapi.twse.com.tw/v1/opendata/t187ap05_L,"Product mapping: ABF Substrate; exposure is configured, not observed product mix.","clip(yoy_pct / 100, -1, 1)",yoy_linear_v1,LIVE_FREE_POINT_IN_TIME,twse_monthly_revenue,collection_time_conservative,2026-10-03 15:25:39.960961+00:00,0.9,CONFIGURED_ASSUMPTION,83480ff80b337e936821b45e2cef1c2a48ba92f112fb3e31027501810e8bccf5,persistent/free_evidence/raw/twse_monthly_revenue/20261003T152539Z.json,37183888541-1
twse_monthly_revenue_3189_11508,AI Infrastructure,financial_confirmation,ABF,monthly_revenue_3189_11508,景碩 monthly revenue YoY,11508,2026-10-03 15:25:39.960961+00:00,2026-10-03 15:25:39.960961+00:00,40.57567965225748,YoY %,40.57567965225748,0.4057567965225748,company_actual,0.9,SOURCE_CLASS_PRIOR,90,https://openapi.twse.com.tw/v1/opendata/t187ap05_L,"Product mapping: ABF Substrate; exposure is configured, not observed product mix.","clip(yoy_pct / 100, -1, 1)",yoy_linear_v1,LIVE_FREE_POINT_IN_TIME,twse_monthly_revenue,collection_time_conservative,2026-10-03 15:25:39.960961+00:00,0.75,CONFIGURED_ASSUMPTION,83480ff80b337e936821b45e2cef1c2a48ba92f112fb3e31027501810e8bccf5,persistent/free_evidence/raw/twse_monthly_revenue/20261003T152539Z.json,37183888541-1
twse_monthly_revenue_8046_11508,AI Infrastructure,financial_confirmation,ABF,monthly_revenue_8046_11508,南電 monthly revenue YoY,11508,2026-10-03 15:25:39.960961+00:00,2026-10-03 15:25:39.960961+00:00,40.59000155490278,YoY %,40.59000155490278,0.40590001554902777,company_actual,0.9,SOURCE_CLASS_PRIOR,90,https://openapi.twse.com.tw/v1/opendata/t187ap05_L,"Product mapping: ABF Substrate; exposure is configured, not observed product mix.","clip(yoy_pct / 100, -1, 1)",yoy_linear_v1,LIVE_FREE_POINT_IN_TIME,twse_monthly_revenue,collection_time_conservative,2026-10-03 15:25:39.960961+00:00,0.85,CONFIGURED_ASSUMPTION,83480ff80b337e936821b45e2cef1c2a48ba92f112fb3e31027501810e8bccf5,persistent/free_evidence/raw/twse_monthly_revenue/20261003T152539Z.json,37183888541-1
moea_export_orders_info_comm___2026-07,AI Infrastructure,orders_backlog,Networking,moea_export_orders_Networking_2026-07,MOEA export orders — 外銷訂單金額_美元,2026-07,2026-10-03 15:25:44.514767+00:00,2026-10-03 15:25:44.514767+00:00,89.53455249814846,YoY %,89.53455249814846,0.8953455249814846,government_statistic,0.98,SOURCE_CLASS_PRIOR,90,https://service.moea.gov.tw/EE520/opendata/%E7%B6%93%E6%BF%9F%E9%83%A8%E7%B5%B1%E8%A8%88%E8%99%95_%E5%A4%96%E9%8A%B7%E8%A8%82%E5%96%AE_%E8%B3%87%E8%A8%8A%E9%80%9A%E8%A8%8A%E7%94%A2%E5%93%81.csv,YoY derived from official monthly levels; collection time is the conservative earliest availability.,"clip(yoy_pct / 100, -1, 1)",yoy_linear_v1,LIVE_FREE_POINT_IN_TIME,moea_export_orders_info_comm,collection_time_conservative,2026-10-03 15:25:44.514767+00:00,,,e689dc9ac9d8ce5adec7c8d69280bc4333681bac14e606133dbf2f72a8d5b10a,persistent/free_evidence/raw/moea_export_orders_info_comm/20261003T152544Z.csv,37183888541-1
moea_export_orders_electronics___2026-07,AI Infrastructure,orders_backlog,Compute,moea_export_orders_Compute_2026-07,MOEA export orders — 外銷訂單金額_美元,2026-07,2026-10-03 15:25:44.911933+00:00,2026-10-03 15:25:44.911933+00:00,71.73316708229427,YoY %,71.73316708229427,0.7173316708229427,government_statistic,0.98,SOURCE_CLASS_PRIOR,90,https://service.moea.gov.tw/EE520/opendata/%E7%B6%93%E6%BF%9F%E9%83%A8%E7%B5%B1%E8%A8%88%E8%99%95_%E5%A4%96%E9%8A%B7%E8%A8%82%E5%96%AE_%E9%9B%BB%E5%AD%90%E7%94%A2%E5%93%81.csv,YoY derived from official monthly levels; collection time is the conservative earliest availability.,"clip(yoy_pct / 100, -1, 1)",yoy_linear_v1,LIVE_FREE_POINT_IN_TIME,moea_export_orders_electronics,collection_time_conservative,2026-10-03 15:25:44.911933+00:00,,,bf9dd408799dc677a37e512d22cec1100d43ae1c028d89af308c26da221af60d,persistent/free_evidence/raw/moea_export_orders_electronics/20261003T152544Z.csv,37183888541-1
tpca_ccl_export_yoy_20261004,AI Infrastructure,physical_throughput,CCL,tpca_ccl_export_yoy_202610,TPCA ccl_export_yoy,,2026-10-04 06:49:18.972158+00:00,2026-10-04 06:49:18.972158+00:00,41.5,YoY %,41.5,0.415,industry_association,0.8,SOURCE_CLASS_PRIOR,90,https://www.tpca.org.tw/web/list_news.php?menu_no=312&mod_no=184,商總表) 2026-09-30 台灣設備上市櫃營收 2026年8月台灣CCL 進口YoY 63.0% 2026-09-23 台灣原物料進出口 2026年8月台灣CCL 出口YoY 41.5% 2026-09-23 台灣原物料進出口 2026年8月台灣上市櫃PCB原物料營收 MoM 2.72%(廠商總表) 2026-09-23 台灣原物料上市櫃營收,"clip(yoy_pct / 100, -1, 1)",yoy_linear_v1,LIVE_FREE_POINT_IN_TIME,tpca_monthly_industry,collection_time_conservative,2026-10-04 06:49:18.972158+00:00,,,0b37322717999f625d9e863ba71e11834920a422e8762ed257471bbfa81a0a86,persistent/free_evidence/raw/tpca_monthly_industry/20261004T064918Z.html,37183888541-1
tpca_ccl_import_yoy_20261004,AI Infrastructure,physical_throughput,CCL,tpca_ccl_import_yoy_202610,TPCA ccl_import_yoy,,2026-10-04 06:49:18.972158+00:00,2026-10-04 06:49:18.972158+00:00,63.0,YoY %,63.0,0.63,industry_association,0.8,SOURCE_CLASS_PRIOR,90,https://www.tpca.org.tw/web/list_news.php?menu_no=312&mod_no=184,-30 台灣設備上市櫃營收 2026年8月台灣上市櫃PCB設備營收 MoM -2.5%(廠商總表) 2026-09-30 台灣設備上市櫃營收 2026年8月台灣CCL 進口YoY 63.0% 2026-09-23 台灣原物料進出口 2026年8月台灣CCL 出口YoY 41.5% 2026-09-23 台灣原物料進出口 2026年8月台灣上市櫃PC,"clip(yoy_pct / 100, -1, 1)",yoy_linear_v1,LIVE_FREE_POINT_IN_TIME,tpca_monthly_industry,collection_time_conservative,2026-10-04 06:49:18.972158+00:00,,,0b37322717999f625d9e863ba71e11834920a422e8762ed257471bbfa81a0a86,persistent/free_evidence/raw/tpca_monthly_industry/20261004T064918Z.html,37183888541-1
tpca_pcb_material_revenue_yoy_20261004,AI Infrastructure,financial_confirmation,CCL,tpca_pcb_material_revenue_yoy_202610,TPCA pcb_material_revenue_yoy,,2026-10-04 06:49:18.972158+00:00,2026-10-04 06:49:18.972158+00:00,59.3,YoY %,59.3,0.593,industry_association,0.8,SOURCE_CLASS_PRIOR,90,https://www.tpca.org.tw/web/list_news.php?menu_no=312&mod_no=184,0% 2026-09-23 台灣原物料進出口 2026年8月台灣CCL 出口YoY 41.5% 2026-09-23 台灣原物料進出口 2026年8月台灣上市櫃PCB原物料營收 MoM 2.72%(廠商總表) 2026-09-23 台灣原物料上市櫃營收 2026年8月台灣上市櫃PCB原物料營收YoY 59.3% 2026-09-23 台灣原物料上市櫃營收 2026年8月 PCB上市櫃營收 YoY 40.9% 2026-09-16 台灣PCB上市櫃營收 2026年8月,"clip(yoy_pct / 100, -1, 1)",yoy_linear_v1,LIVE_FREE_POINT_IN_TIME,tpca_monthly_industry,collection_time_conservative,2026-10-04 06:49:18.972158+00:00,,,0b37322717999f625d9e863ba71e11834920a422e8762ed257471bbfa81a0a86,persistent/free_evidence/raw/tpca_monthly_industry/20261004T064918Z.html,37183888541-1
tpca_pcb_revenue_yoy_20261004,AI Infrastructure,financial_confirmation,PCB,tpca_pcb_revenue_yoy_202610,TPCA pcb_revenue_yoy,,2026-10-04 06:49:18.972158+00:00,2026-10-04 06:49:18.972158+00:00,40.9,YoY %,40.9,0.409,industry_association,0.8,SOURCE_CLASS_PRIOR,90,https://www.tpca.org.tw/web/list_news.php?menu_no=312&mod_no=184,26-09-23 台灣原物料上市櫃營收 2026年8月台灣上市櫃PCB原物料營收YoY 59.3% 2026-09-23 台灣原物料上市櫃營收 2026年8月 PCB上市櫃營收 YoY 40.9% 2026-09-16 台灣PCB上市櫃營收 2026年8月 PCB上市櫃營收 MoM 5.29%(廠商總表) 2026-09-16 台灣PCB上市櫃營收 1,"clip(yoy_pct / 100, -1, 1)",yoy_linear_v1,LIVE_FREE_POINT_IN_TIME,tpca_monthly_industry,collection_time_conservative,2026-10-04 06:49:18.972158+00:00,,,0b37322717999f625d9e863ba71e11834920a422e8762ed257471bbfa81a0a86,persistent/free_evidence/raw/tpca_monthly_industry/20261004T064918Z.html,37183888541-1
