source_id,stock_id,document_url,status,pages,candidate_count,sha256,raw_snapshot_path,pipeline_run_id,error
kinsus_esg,3189,https://www.kinsus.com.tw/upload/media/esg/07_Resource_Center/Sustainability_Reports/Chinese_Sustainability_Reports/2014_CSR_Annual_Report_C.pdf,OK,91,0,13f459d86beee86b71475dae9fd649346baa31ea936757ad4e0e14cfe672a554,persistent/abf_documents/3189/13f459d86beee86b71475dae9fd649346baa31ea936757ad4e0e14cfe672a554.pdf,37161566546-1,
kinsus_esg,3189,https://www.kinsus.com.tw/upload/media/esg/07_Resource_Center/Sustainability_Reports/English_Sustainability_Reports/2015_CSR_Annual_Report_E.pdf,OK,100,0,37be5f004ea1a2f1d8ef64aed383137b396d140d77873ccbfa2336f1e0fa0d7c,persistent/abf_documents/3189/37be5f004ea1a2f1d8ef64aed383137b396d140d77873ccbfa2336f1e0fa0d7c.pdf,37161566546-1,
kinsus_esg,3189,https://www.kinsus.com.tw/upload/media/esg/07_Resource_Center/Sustainability_Reports/English_Sustainability_Reports/2016_CSR_Annual_Report_E.pdf,OK,94,0,0ddf4f803c6d504fb2416012807b3c96e76c0b8bb082afe354e5248a77bb8dc0,persistent/abf_documents/3189/0ddf4f803c6d504fb2416012807b3c96e76c0b8bb082afe354e5248a77bb8dc0.pdf,37161566546-1,
kinsus_esg,3189,https://www.kinsus.com.tw/upload/media/esg/07_Resource_Center/Sustainability_Reports/English_Sustainability_Reports/2017_CSR_Annual_Report_E.pdf,OK,94,0,40b6777230f08cc857cc1430e4bbff0939a9e602e6df337d1acf1d59b44f05dd,persistent/abf_documents/3189/40b6777230f08cc857cc1430e4bbff0939a9e602e6df337d1acf1d59b44f05dd.pdf,37161566546-1,
kinsus_esg,3189,https://www.kinsus.com.tw/upload/media/esg/07_Resource_Center/Sustainability_Reports/English_Sustainability_Reports/2018_CSR_Annual_Report_E.pdf,OK,51,0,10f76572ed23f7960d887d885e848a4d46688901687f517287a6acd7daa3a67b,persistent/abf_documents/3189/10f76572ed23f7960d887d885e848a4d46688901687f517287a6acd7daa3a67b.pdf,37161566546-1,
kinsus_esg,3189,https://www.kinsus.com.tw/upload/media/esg/07_Resource_Center/Sustainability_Reports/English_Sustainability_Reports/2019_CSR_Annual_Report_E.pdf,OK,53,0,597003e930e8751f7df0ccfdbb99fb730751c4160b929dca44d7b74e45370f43,persistent/abf_documents/3189/597003e930e8751f7df0ccfdbb99fb730751c4160b929dca44d7b74e45370f43.pdf,37161566546-1,
kinsus_esg,3189,https://www.kinsus.com.tw/upload/media/esg/07_Resource_Center/Sustainability_Reports/English_Sustainability_Reports/2020_CSR_Annual_Report_E.pdf,OK,49,0,7a27dc5a7d3c68a5050499e426b72a071c6a04b8648d61a9f56215fce4f85bf5,persistent/abf_documents/3189/7a27dc5a7d3c68a5050499e426b72a071c6a04b8648d61a9f56215fce4f85bf5.pdf,37161566546-1,
kinsus_esg,3189,https://www.kinsus.com.tw/upload/media/esg/07_Resource_Center/Sustainability_Reports/English_Sustainability_Reports/2021_ESG_Sustainability_Report_E.pdf,OK,105,0,0c6db683225c1e4276a7aff062a25c235be763f98135b8cf2471dd3067474799,persistent/abf_documents/3189/0c6db683225c1e4276a7aff062a25c235be763f98135b8cf2471dd3067474799.pdf,37161566546-1,
kinsus_esg,3189,https://www.kinsus.com.tw/upload/media/esg/07_Resource_Center/Sustainability_Reports/English_Sustainability_Reports/2022_ESG_Sustainability_Report_E.pdf,OK,154,0,82589e7c183271dd5e0c667783387f0340c5c038c2d7d05889bf02053a7a2a8c,persistent/abf_documents/3189/82589e7c183271dd5e0c667783387f0340c5c038c2d7d05889bf02053a7a2a8c.pdf,37161566546-1,
kinsus_esg,3189,https://www.kinsus.com.tw/upload/media/esg/07_Resource_Center/Sustainability_Reports/English_Sustainability_Reports/2023_ESG_Sustainability_Report_E.pdf,OK,170,0,fd311b155ddeca37240ac465a85ce36a09b6a5f3163ef9b4cf6af249a1a9b4a6,persistent/abf_documents/3189/fd311b155ddeca37240ac465a85ce36a09b6a5f3163ef9b4cf6af249a1a9b4a6.pdf,37161566546-1,
kinsus_esg,3189,https://www.kinsus.com.tw/upload/media/esg/07_Resource_Center/Sustainability_Reports/English_Sustainability_Reports/2024_ESG_Sustainability_Report_E.pdf,OK,203,0,fd5678541fc196337f3fdd4d0829aee856c28b157ed83cf2cbc90f05a89af94d,persistent/abf_documents/3189/fd5678541fc196337f3fdd4d0829aee856c28b157ed83cf2cbc90f05a89af94d.pdf,37161566546-1,
kinsus_esg,3189,https://www.kinsus.com.tw/upload/media/esg/07_Resource_Center/Sustainability_Reports/English_Sustainability_Reports/2025_ESG_Sustainability_Report_E.pdf,OK,222,0,67066a5bb8baabacee435328bf826089a65eaa603ceddf243cde6b3b4e77fb3f,persistent/abf_documents/3189/67066a5bb8baabacee435328bf826089a65eaa603ceddf243cde6b3b4e77fb3f.pdf,37161566546-1,
kinsus_ir,3189,https://www.kinsus.com.tw/upload/media/ir/Investor/1130320%E6%B3%95%E8%AA%AA%E6%9C%83.pdf,ERROR,0,0,,,37161566546-1,PDF fetch failed after 3 attempts: https://www.kinsus.com.tw/upload/media/ir/Investor/1130320%E6%B3%95%E8%AA%AA%E6%9C%83.pdf: HTTP Error 404: Not Found
kinsus_ir,3189,https://www.kinsus.com.tw/upload/media/ir/Investor/1130903%E6%B3%95%E8%AA%AA%E6%9C%83.pdf,ERROR,0,0,,,37161566546-1,PDF fetch failed after 3 attempts: https://www.kinsus.com.tw/upload/media/ir/Investor/1130903%E6%B3%95%E8%AA%AA%E6%9C%83.pdf: HTTP Error 404: Not Found
kinsus_ir,3189,https://www.kinsus.com.tw/upload/media/ir/Investor/1140612%E6%B3%95%E8%AA%AA%E6%9C%83.pdf,ERROR,0,0,,,37161566546-1,PDF fetch failed after 3 attempts: https://www.kinsus.com.tw/upload/media/ir/Investor/1140612%E6%B3%95%E8%AA%AA%E6%9C%83.pdf: HTTP Error 404: Not Found
kinsus_ir,3189,https://www.kinsus.com.tw/upload/media/ir/Investor/1140819%E6%B3%95%E8%AA%AA%E6%9C%83.pdf,ERROR,0,0,,,37161566546-1,PDF fetch failed after 3 attempts: https://www.kinsus.com.tw/upload/media/ir/Investor/1140819%E6%B3%95%E8%AA%AA%E6%9C%83.pdf: HTTP Error 404: Not Found
kinsus_ir,3189,https://www.kinsus.com.tw/upload/media/ir/Investor/1150310%E6%B3%95%E8%AA%AA%E6%9C%83.pdf,ERROR,0,0,,,37161566546-1,PDF fetch failed after 3 attempts: https://www.kinsus.com.tw/upload/media/ir/Investor/1150310%E6%B3%95%E8%AA%AA%E6%9C%83.pdf: HTTP Error 404: Not Found
nypcb_ir,8046,https://www.nanyapcb.com.tw/nypcb/images/InvestorRelations/FinancialReport/111Q1ENG(Consolidated).pdf,OK,40,0,d821a07343781fb53d6b734ebd75711d14be8cacdc517f7da200c1bd0f8fcd1b,persistent/abf_documents/8046/d821a07343781fb53d6b734ebd75711d14be8cacdc517f7da200c1bd0f8fcd1b.pdf,37161566546-1,
nypcb_ir,8046,https://www.nanyapcb.com.tw/nypcb/images/InvestorRelations/FinancialReport/111Q2ENG(Consolidated).pdf,OK,43,0,e39497d6cbe9369f3035983900cd696e1d2c05118e01b45c6d57060c1f65421d,persistent/abf_documents/8046/e39497d6cbe9369f3035983900cd696e1d2c05118e01b45c6d57060c1f65421d.pdf,37161566546-1,
nypcb_ir,8046,https://www.nanyapcb.com.tw/nypcb/images/InvestorRelations/FinancialReport/111Q3ENG(Consolidated).pdf,OK,44,0,fd6ab27f4fcb69f3bbfb8e6c6c7ba2947aab8b4b426018d324de227d466570ad,persistent/abf_documents/8046/fd6ab27f4fcb69f3bbfb8e6c6c7ba2947aab8b4b426018d324de227d466570ad.pdf,37161566546-1,
nypcb_ir,8046,https://www.nanyapcb.com.tw/nypcb/images/InvestorRelations/FinancialReport/111Q4ENG(Consolidated).pdf,OK,64,0,81fb3fbfb5e82e79cd77ad762bca5bf65d4440f17ac27ce57274de9d3b8e541b,persistent/abf_documents/8046/81fb3fbfb5e82e79cd77ad762bca5bf65d4440f17ac27ce57274de9d3b8e541b.pdf,37161566546-1,
nypcb_ir,8046,https://www.nanyapcb.com.tw/nypcb/images/InvestorRelations/FinancialReport/111Q4ENG.pdf,OK,69,0,fe81c3f4d437147b2eb8096d0bdb00d186b0e19a372123ac8822b7ec01290fc0,persistent/abf_documents/8046/fe81c3f4d437147b2eb8096d0bdb00d186b0e19a372123ac8822b7ec01290fc0.pdf,37161566546-1,
nypcb_ir,8046,https://www.nanyapcb.com.tw/nypcb/images/InvestorRelations/FinancialReport/112Q1ENG(Consolidated).pdf,OK,41,0,9f6ac8cae083c07e9cf7eae54d66821acb6fd74fa198eb700e4e9a878b75fc4e,persistent/abf_documents/8046/9f6ac8cae083c07e9cf7eae54d66821acb6fd74fa198eb700e4e9a878b75fc4e.pdf,37161566546-1,
nypcb_ir,8046,https://www.nanyapcb.com.tw/nypcb/images/InvestorRelations/FinancialReport/112Q2ENG(Consolidated).pdf,OK,43,0,50c4c6339624eab84b1850b5e54baa1300d7ba2748336ce03205ab5b142a9824,persistent/abf_documents/8046/50c4c6339624eab84b1850b5e54baa1300d7ba2748336ce03205ab5b142a9824.pdf,37161566546-1,
nypcb_ir,8046,https://www.nanyapcb.com.tw/nypcb/images/InvestorRelations/FinancialReport/112Q3ENG(Consolidated).pdf,OK,40,0,1c57b0f965bbb00926361680c70d211fcb5c163e569ccca26577c3a60dcecc24,persistent/abf_documents/8046/1c57b0f965bbb00926361680c70d211fcb5c163e569ccca26577c3a60dcecc24.pdf,37161566546-1,
nypcb_ir,8046,https://www.nanyapcb.com.tw/nypcb/images/InvestorRelations/FinancialReport/112Q4ENG(Consolidated).pdf,OK,61,0,4e9849d2626b13c4d2494e125c5ec35178609d609b15132d3aa0b186feda63ee,persistent/abf_documents/8046/4e9849d2626b13c4d2494e125c5ec35178609d609b15132d3aa0b186feda63ee.pdf,37161566546-1,
nypcb_ir,8046,https://www.nanyapcb.com.tw/nypcb/images/InvestorRelations/FinancialReport/112Q4ENG.pdf,OK,67,0,08ba602d5ff928407b4625e941fa0cc299926ae8d783bae683fbe5923dcc1529,persistent/abf_documents/8046/08ba602d5ff928407b4625e941fa0cc299926ae8d783bae683fbe5923dcc1529.pdf,37161566546-1,
nypcb_ir,8046,https://www.nanyapcb.com.tw/nypcb/images/InvestorRelations/FinancialReport/113Q1ENG(Consolidated).pdf,OK,39,0,1046bd59ccd8edaffc798690a65eaf01bd4eb79492cd10560e9485aec679a7ea,persistent/abf_documents/8046/1046bd59ccd8edaffc798690a65eaf01bd4eb79492cd10560e9485aec679a7ea.pdf,37161566546-1,
nypcb_ir,8046,https://www.nanyapcb.com.tw/nypcb/images/InvestorRelations/FinancialReport/113Q2ENG(Consolidated).pdf,OK,40,0,bab4640c9ee820c966ea4d6cac2d2108c7240018e775054d0749235f4f53bdbe,persistent/abf_documents/8046/bab4640c9ee820c966ea4d6cac2d2108c7240018e775054d0749235f4f53bdbe.pdf,37161566546-1,
nypcb_ir,8046,https://www.nanyapcb.com.tw/nypcb/images/InvestorRelations/FinancialReport/113Q3ENG(Consolidated).pdf,OK,40,0,c8c4a4eba838bf53b1fc6186b073b34f53263c0dfb0149d36fa816a3f35ce495,persistent/abf_documents/8046/c8c4a4eba838bf53b1fc6186b073b34f53263c0dfb0149d36fa816a3f35ce495.pdf,37161566546-1,
nypcb_ir,8046,https://www.nanyapcb.com.tw/nypcb/images/InvestorRelations/FinancialReport/113Q4ENG(Consolidated).pdf,OK,60,0,141053e3b6bc591675599ebfb3bfb974d18a9306709ef54e180191e0ff6a9c61,persistent/abf_documents/8046/141053e3b6bc591675599ebfb3bfb974d18a9306709ef54e180191e0ff6a9c61.pdf,37161566546-1,
nypcb_ir,8046,https://www.nanyapcb.com.tw/nypcb/images/InvestorRelations/FinancialReport/113Q4ENG.pdf,OK,65,0,953b1e22ba096da61a28ffc7b713bf489a809ae9dbb59c7a0112c377376bbfd2,persistent/abf_documents/8046/953b1e22ba096da61a28ffc7b713bf489a809ae9dbb59c7a0112c377376bbfd2.pdf,37161566546-1,
nypcb_ir,8046,https://www.nanyapcb.com.tw/nypcb/images/InvestorRelations/FinancialReport/114Q1ENG(Consolidated).pdf,OK,39,0,1f9781d773b5ffff7c00eb722141abd82fa911095c5584eb116523ce29f1574f,persistent/abf_documents/8046/1f9781d773b5ffff7c00eb722141abd82fa911095c5584eb116523ce29f1574f.pdf,37161566546-1,
nypcb_ir,8046,https://www.nanyapcb.com.tw/nypcb/images/InvestorRelations/FinancialReport/114Q2ENG(Consolidated).pdf,OK,43,0,dcffcdd5770b7e826b362ebfa725e6a855aa87feeef9075c859ec26dff34d488,persistent/abf_documents/8046/dcffcdd5770b7e826b362ebfa725e6a855aa87feeef9075c859ec26dff34d488.pdf,37161566546-1,
nypcb_ir,8046,https://www.nanyapcb.com.tw/nypcb/images/InvestorRelations/FinancialReport/114Q3ENG(Consolidated).pdf,OK,43,0,b23646d056ea94144ba29077181a8771decfc72695725d63cc596869b352db54,persistent/abf_documents/8046/b23646d056ea94144ba29077181a8771decfc72695725d63cc596869b352db54.pdf,37161566546-1,
nypcb_ir,8046,https://www.nanyapcb.com.tw/nypcb/images/InvestorRelations/FinancialReport/114Q4ENG(Consolidated).pdf,OK,62,0,7f3c9ec9816241b5ecffee25a663903aaae3b2b7ec9273332ed3658aa41635dc,persistent/abf_documents/8046/7f3c9ec9816241b5ecffee25a663903aaae3b2b7ec9273332ed3658aa41635dc.pdf,37161566546-1,
nypcb_ir,8046,https://www.nanyapcb.com.tw/nypcb/images/InvestorRelations/FinancialReport/114Q4ENG.pdf,OK,67,0,4cba20733da068cc12c2fca15fc31750874a2a4f0f6ffdf61ae796ea5e4e6443,persistent/abf_documents/8046/4cba20733da068cc12c2fca15fc31750874a2a4f0f6ffdf61ae796ea5e4e6443.pdf,37161566546-1,
nypcb_ir,8046,https://www.nanyapcb.com.tw/nypcb/images/InvestorRelations/FinancialReport/115Q1ENG(Consolidated).pdf,OK,39,0,6c20b98e50c3bf11fb2276be20b6fb89461d97854b9b0a77cc4177ccf96a368a,persistent/abf_documents/8046/6c20b98e50c3bf11fb2276be20b6fb89461d97854b9b0a77cc4177ccf96a368a.pdf,37161566546-1,
nypcb_ir,8046,https://www.nanyapcb.com.tw/nypcb/images/InvestorRelations/FinancialReport/115Q2ENG(Consolidated).pdf,OK,41,0,ef6d6bc322449c4c97329a601553ff3cb1194dd28f1cb323a0e6e513457b4b6c,persistent/abf_documents/8046/ef6d6bc322449c4c97329a601553ff3cb1194dd28f1cb323a0e6e513457b4b6c.pdf,37161566546-1,
nypcb_ir,8046,https://www.nanyapcb.com.tw/nypcb/images/InvestorRelations/FinancialReport/804620150323E001.pdf,OK,19,0,28f9940c66586bf44f429d037526b43e416755c333bbfb7d104c340dc1d0d21d,persistent/abf_documents/8046/28f9940c66586bf44f429d037526b43e416755c333bbfb7d104c340dc1d0d21d.pdf,37161566546-1,
nypcb_ir,8046,https://www.nanyapcb.com.tw/nypcb/images/InvestorRelations/FinancialReport/NYPCB ENG 20191204.pdf,OK,14,1,c3ac7d03c73da12e0bce1128ee73a57d8d9ab818e8cf02be8c0a678134e57546,persistent/abf_documents/8046/c3ac7d03c73da12e0bce1128ee73a57d8d9ab818e8cf02be8c0a678134e57546.pdf,37161566546-1,
nypcb_ir,8046,https://www.nanyapcb.com.tw/nypcb/images/InvestorRelations/FinancialReport/NYPCB ENG 20200325.pdf,OK,14,2,4538b08c909b03e49684b0eac1fec71a8584a00c9b7a5a999b7b1e9c2fbe5b6d,persistent/abf_documents/8046/4538b08c909b03e49684b0eac1fec71a8584a00c9b7a5a999b7b1e9c2fbe5b6d.pdf,37161566546-1,
nypcb_ir,8046,https://www.nanyapcb.com.tw/nypcb/images/InvestorRelations/FinancialReport/NYPCB ENG 20200820.pdf,OK,13,0,71cf53e96309f6ed8009e0e33fac8d1cc1c20b714e712abbf9fb4579c453567f,persistent/abf_documents/8046/71cf53e96309f6ed8009e0e33fac8d1cc1c20b714e712abbf9fb4579c453567f.pdf,37161566546-1,
nypcb_ir,8046,https://www.nanyapcb.com.tw/nypcb/images/InvestorRelations/FinancialReport/NYPCB ENG 20210303.pdf,OK,14,2,b4095079b285f4c11c0a8965d7a77ae2496e3d038dd79100ad4972eeac414704,persistent/abf_documents/8046/b4095079b285f4c11c0a8965d7a77ae2496e3d038dd79100ad4972eeac414704.pdf,37161566546-1,
nypcb_ir,8046,https://www.nanyapcb.com.tw/nypcb/images/InvestorRelations/FinancialReport/NYPCB ENG 20210705.pdf,OK,14,1,473f2a9dce536dad25a1ce089c89b0c51960dd62611d3dcd7bb199010be24db1,persistent/abf_documents/8046/473f2a9dce536dad25a1ce089c89b0c51960dd62611d3dcd7bb199010be24db1.pdf,37161566546-1,
nypcb_ir,8046,https://www.nanyapcb.com.tw/nypcb/images/InvestorRelations/FinancialReport/NYPCB ENG 20210812.pdf,OK,14,2,597d7bf4dcff587ba170426aeaa57c3f82d52d253d59b78b6cd1bd7ba3fcc943,persistent/abf_documents/8046/597d7bf4dcff587ba170426aeaa57c3f82d52d253d59b78b6cd1bd7ba3fcc943.pdf,37161566546-1,
nypcb_ir,8046,https://www.nanyapcb.com.tw/nypcb/images/InvestorRelations/FinancialReport/NYPCB ENG 20211006.pdf,OK,14,3,28f59a1941a4121c73c317287693af8ef9277afee7f0666bad80e575ef157089,persistent/abf_documents/8046/28f59a1941a4121c73c317287693af8ef9277afee7f0666bad80e575ef157089.pdf,37161566546-1,
nypcb_ir,8046,https://www.nanyapcb.com.tw/nypcb/images/InvestorRelations/FinancialReport/NYPCB ENG 20211110.pdf,OK,14,4,861cf46dac49086856137671efd0c2fa652cc5fd9cf0f91a307cfa041d72fc5e,persistent/abf_documents/8046/861cf46dac49086856137671efd0c2fa652cc5fd9cf0f91a307cfa041d72fc5e.pdf,37161566546-1,
nypcb_ir,8046,https://www.nanyapcb.com.tw/nypcb/images/InvestorRelations/FinancialReport/NYPCB ENG 20220125.pdf,OK,12,3,305ec62f7931c5ab832dfd2aa5ea9884c02ca426c38ef63410191149c0e9ac0a,persistent/abf_documents/8046/305ec62f7931c5ab832dfd2aa5ea9884c02ca426c38ef63410191149c0e9ac0a.pdf,37161566546-1,
nypcb_ir,8046,https://www.nanyapcb.com.tw/nypcb/images/InvestorRelations/FinancialReport/NYPCB ENG 20220302.pdf,OK,14,2,c570bd1faacf65d09e3cc51057a9123a5ca5c65c242c3276c3f351c5344b17cd,persistent/abf_documents/8046/c570bd1faacf65d09e3cc51057a9123a5ca5c65c242c3276c3f351c5344b17cd.pdf,37161566546-1,
nypcb_ir,8046,https://www.nanyapcb.com.tw/nypcb/images/InvestorRelations/FinancialReport/NYPCB ENG 20220808.pdf,OK,14,1,3b95a3aac0ef701757a19945ec182bb8821b4bed5c006a25cb35716391bb6de5,persistent/abf_documents/8046/3b95a3aac0ef701757a19945ec182bb8821b4bed5c006a25cb35716391bb6de5.pdf,37161566546-1,
nypcb_ir,8046,https://www.nanyapcb.com.tw/nypcb/images/InvestorRelations/FinancialReport/NYPCB ENG 20220902.pdf,OK,14,1,2c18e92de0268658e25a62ce26ddeaf7b6ed4b73022b6c3f334e4806e3f45fdd,persistent/abf_documents/8046/2c18e92de0268658e25a62ce26ddeaf7b6ed4b73022b6c3f334e4806e3f45fdd.pdf,37161566546-1,
nypcb_ir,8046,https://www.nanyapcb.com.tw/nypcb/images/InvestorRelations/FinancialReport/NYPCB ENG 20221108.pdf,OK,14,0,9aec5f40b6d5f4c0f411d735167afd5cb26524ed6f3be17e76172537a0be430d,persistent/abf_documents/8046/9aec5f40b6d5f4c0f411d735167afd5cb26524ed6f3be17e76172537a0be430d.pdf,37161566546-1,
nypcb_ir,8046,https://www.nanyapcb.com.tw/nypcb/images/InvestorRelations/FinancialReport/NYPCB ENG 20230306.pdf,OK,14,1,9f0fb58ac402527a26c19950fbecc56d7de3d6b2b9d8c92e50fe0ac88b2bb2e5,persistent/abf_documents/8046/9f0fb58ac402527a26c19950fbecc56d7de3d6b2b9d8c92e50fe0ac88b2bb2e5.pdf,37161566546-1,
nypcb_ir,8046,https://www.nanyapcb.com.tw/nypcb/images/InvestorRelations/FinancialReport/NYPCB ENG 20230511.pdf,OK,14,6,03c57bcefec39185e74fbc168a72a9147c025986168f82f62099012fd953f82a,persistent/abf_documents/8046/03c57bcefec39185e74fbc168a72a9147c025986168f82f62099012fd953f82a.pdf,37161566546-1,
nypcb_ir,8046,https://www.nanyapcb.com.tw/nypcb/images/InvestorRelations/FinancialReport/NYPCB ENG 20230719.pdf,OK,14,7,df48f78e0734f01fde337d606ca886b7c620becb6daecd3f0653628faade6594,persistent/abf_documents/8046/df48f78e0734f01fde337d606ca886b7c620becb6daecd3f0653628faade6594.pdf,37161566546-1,
nypcb_ir,8046,https://www.nanyapcb.com.tw/nypcb/images/InvestorRelations/FinancialReport/NYPCB ENG 20231023.pdf,OK,14,7,e54883e24be079306f77f2112c3761a63da6b81ff8abcc3d5cca5620114c3daa,persistent/abf_documents/8046/e54883e24be079306f77f2112c3761a63da6b81ff8abcc3d5cca5620114c3daa.pdf,37161566546-1,
nypcb_ir,8046,https://www.nanyapcb.com.tw/nypcb/images/InvestorRelations/FinancialReport/NYPCB ENG 20240201.pdf,OK,14,3,aafcda28e7d047ac55076b693d82d77bcb0544028eb2fac6e6c7a34d9cd6a522,persistent/abf_documents/8046/aafcda28e7d047ac55076b693d82d77bcb0544028eb2fac6e6c7a34d9cd6a522.pdf,37161566546-1,
nypcb_ir,8046,https://www.nanyapcb.com.tw/nypcb/images/InvestorRelations/FinancialReport/NYPCB ENG 20240423.pdf,OK,14,4,f95b574ca78ec25fe32586dcffa38ba58515ea42de60503be9c3605f25b2281c,persistent/abf_documents/8046/f95b574ca78ec25fe32586dcffa38ba58515ea42de60503be9c3605f25b2281c.pdf,37161566546-1,
nypcb_ir,8046,https://www.nanyapcb.com.tw/nypcb/images/InvestorRelations/FinancialReport/NYPCB ENG 20240822.pdf,OK,14,4,bab11031ef3f82874f8cd3a10bffc00597f4b636a76e3a7a2b1abf10fda07a2e,persistent/abf_documents/8046/bab11031ef3f82874f8cd3a10bffc00597f4b636a76e3a7a2b1abf10fda07a2e.pdf,37161566546-1,
nypcb_ir,8046,https://www.nanyapcb.com.tw/nypcb/images/InvestorRelations/FinancialReport/NYPCB company briefing-CLSA.pdf,OK,16,0,aef45f2bfff07dd4c3467de5708674b956906f996b6eba6163424b393cdab423,persistent/abf_documents/8046/aef45f2bfff07dd4c3467de5708674b956906f996b6eba6163424b393cdab423.pdf,37161566546-1,
nypcb_ir,8046,https://www.nanyapcb.com.tw/nypcb/images/InvestorRelations/FinancialReport/NYPCB company briefing-KGI Corporate Day.pdf,OK,16,0,6616251fc389c60112303092c0903219b09fae887eb51c3efbeba13a72a5612a,persistent/abf_documents/8046/6616251fc389c60112303092c0903219b09fae887eb51c3efbeba13a72a5612a.pdf,37161566546-1,
nypcb_ir,8046,https://www.nanyapcb.com.tw/nypcb/images/InvestorRelations/FinancialReport/NYPCB company briefing-Macquarie.pdf,OK,16,0,b82d727b351a58ba262fa270fa65f2df6aa8a25cb32bc2cd2af6499ac5212e22,persistent/abf_documents/8046/b82d727b351a58ba262fa270fa65f2df6aa8a25cb32bc2cd2af6499ac5212e22.pdf,37161566546-1,
nypcb_ir,8046,https://www.nanyapcb.com.tw/nypcb/images/InvestorRelations/FinancialReport/NYPCBENG20241203.pdf,OK,14,4,54b69e4ea6536f31dfade612d7ed03b33ae43b02e23dc11c5b56a82d3d21b642,persistent/abf_documents/8046/54b69e4ea6536f31dfade612d7ed03b33ae43b02e23dc11c5b56a82d3d21b642.pdf,37161566546-1,
nypcb_ir,8046,https://www.nanyapcb.com.tw/nypcb/images/InvestorRelations/FinancialReport/NYPCBENG20250219.pdf,OK,14,3,c38c40cc026144e7f7989f3b698d32d2dc441fee43d33cb36e750bee074e08bc,persistent/abf_documents/8046/c38c40cc026144e7f7989f3b698d32d2dc441fee43d33cb36e750bee074e08bc.pdf,37161566546-1,
nypcb_ir,8046,https://www.nanyapcb.com.tw/nypcb/images/InvestorRelations/FinancialReport/NYPCBENG20250505.pdf,OK,14,1,4ffceb3e6e834a50cc7aab25289eac4f42bd8120495e4acbad65ae0747e760a2,persistent/abf_documents/8046/4ffceb3e6e834a50cc7aab25289eac4f42bd8120495e4acbad65ae0747e760a2.pdf,37161566546-1,
nypcb_ir,8046,https://www.nanyapcb.com.tw/nypcb/images/InvestorRelations/FinancialReport/NYPCBENG20250807.pdf,OK,14,1,7ab75c7e11bf60c9e91e7f5d1a5391ecc151b2efdcdcc8db59ec1c02af15124a,persistent/abf_documents/8046/7ab75c7e11bf60c9e91e7f5d1a5391ecc151b2efdcdcc8db59ec1c02af15124a.pdf,37161566546-1,
nypcb_ir,8046,https://www.nanyapcb.com.tw/nypcb/images/InvestorRelations/FinancialReport/NYPCBENG20251022.pdf,OK,14,1,6756dd820b7a18f30d5dd7077355254153c409d7b3842cae2a11feb407d0598e,persistent/abf_documents/8046/6756dd820b7a18f30d5dd7077355254153c409d7b3842cae2a11feb407d0598e.pdf,37161566546-1,
nypcb_ir,8046,https://www.nanyapcb.com.tw/nypcb/images/InvestorRelations/FinancialReport/NYPCBENG20260316.pdf,OK,14,1,df90f46516f36f9b6f25dea3246a51222acb51337be3016b826519376094f471,persistent/abf_documents/8046/df90f46516f36f9b6f25dea3246a51222acb51337be3016b826519376094f471.pdf,37161566546-1,
nypcb_ir,8046,https://www.nanyapcb.com.tw/nypcb/images/InvestorRelations/FinancialReport/NYPCBENG20260506.pdf,OK,14,0,9a7b52f9311ef0af288fcec980fb64ba93b2ed069e6972f651e19e9ea1b57af6,persistent/abf_documents/8046/9a7b52f9311ef0af288fcec980fb64ba93b2ed069e6972f651e19e9ea1b57af6.pdf,37161566546-1,
nypcb_ir,8046,https://www.nanyapcb.com.tw/nypcb/images/InvestorRelations/FinancialReport/NYPCBENG20260612.pdf,OK,14,0,d250220acd6c0208afb2acba84ae9473b797c6d7538c9339e9d174931f73b077,persistent/abf_documents/8046/d250220acd6c0208afb2acba84ae9473b797c6d7538c9339e9d174931f73b077.pdf,37161566546-1,
nypcb_ir,8046,https://www.nanyapcb.com.tw/nypcb/images/InvestorRelations/FinancialReport/NYPCB_E20180420.pdf,OK,9,1,be569db0f5545c144c15b5a518f78d46437ea598aff3abc63e62da0ff884b93a,persistent/abf_documents/8046/be569db0f5545c144c15b5a518f78d46437ea598aff3abc63e62da0ff884b93a.pdf,37161566546-1,
nypcb_ir,8046,https://www.nanyapcb.com.tw/nypcb/images/InvestorRelations/FinancialReport/NYPCB_E20181123.pdf,OK,13,0,9ca0d67044a90f53142e3ddd4b7afa77e4072ae6c213bde00fdf9537197e12cb,persistent/abf_documents/8046/9ca0d67044a90f53142e3ddd4b7afa77e4072ae6c213bde00fdf9537197e12cb.pdf,37161566546-1,
nypcb_ir,8046,https://www.nanyapcb.com.tw/nypcb/images/InvestorRelations/FinancialReport/NYPCB_E20190328.pdf,OK,13,1,e70bf3e9084843d1ea312b95e3f9a460b5784207a72712e8b346da1078f879bf,persistent/abf_documents/8046/e70bf3e9084843d1ea312b95e3f9a460b5784207a72712e8b346da1078f879bf.pdf,37161566546-1,
nypcb_ir,8046,https://www.nanyapcb.com.tw/nypcb/images/InvestorRelations/FinancialReport/Nan Ya PCB company briefing.pdf,OK,13,0,3f228dab85ecc72fc7ec96b6f3b47a655045c7d1d0c4d9d2130d4d43552f4d4c,persistent/abf_documents/8046/3f228dab85ecc72fc7ec96b6f3b47a655045c7d1d0c4d9d2130d4d43552f4d4c.pdf,37161566546-1,
