source_id,stock_id,company,document_url,document_sha256,source_page,data_id,signal_type,direction,value,value_low,value_high,unit,source_excerpt,source_permission,scope_gate,extraction_rule,review_status,raw_sha256,raw_snapshot_path,pipeline_run_id
kinsus_ir,3189,Kinsus,https://www.kinsus.com.tw/upload/media/ir/Investor/1140612%E6%B3%95%E8%AA%AA%E6%9C%83.pdf,1c2f0de84db7e73068deb2ae16ff479850a0bdb884ce40bc5fae816e698b6bca,20,abf_capacity_history,CAPACITY_EXPANSION,UP,,,,event,"Corp. Kinsus Interconnect Technology, Corp. Confidential / All rights reserved by Kinsus Interconnect Technology, Corp. Capacity expansion and Capex 19 Plants / monthly capacity 2019 2020 2021 2022 2023 2024F Plant I & II Substrate / BT million units (31x31m",capacity;downside;guidance;product_mix;utilization,ABF_CONTEXT,"(?:ABF[^\n]{0,100})?(?:capacity expansion|expand capacity|new line|expansion|擴產|擴充產能|新產線)",CANDIDATE,1c2f0de84db7e73068deb2ae16ff479850a0bdb884ce40bc5fae816e698b6bca,persistent/abf_documents/3189/1c2f0de84db7e73068deb2ae16ff479850a0bdb884ce40bc5fae816e698b6bca.pdf,37183888541-1
nypcb_ir,8046,Nan Ya PCB,https://www.nanyapcb.com.tw/nypcb/images/InvestorRelations/FinancialReport/NYPCB ENG 20191204.pdf,c3ac7d03c73da12e0bce1128ee73a57d8d9ab818e8cf02be8c0a678134e57546,13,abf_capacity_history,CAPACITY_EXPANSION,UP,,,,event,and the product mix will be enhanced. Also the yield rate has increased stably.  To Seek Growing Profits in 2020 Sales Expansion: The 5G and AI/HPC are expected to drive the growing demands in high layer counts and large body size IC substrates. Be,capacity;company_revenue;downside;financials;guidance;product_mix;utilization,ABF_CONTEXT,"(?:ABF[^\n]{0,100})?(?:capacity expansion|expand capacity|new line|expansion|擴產|擴充產能|新產線)",CANDIDATE,c3ac7d03c73da12e0bce1128ee73a57d8d9ab818e8cf02be8c0a678134e57546,persistent/abf_documents/8046/c3ac7d03c73da12e0bce1128ee73a57d8d9ab818e8cf02be8c0a678134e57546.pdf,37183888541-1
nypcb_ir,8046,Nan Ya PCB,https://www.nanyapcb.com.tw/nypcb/images/InvestorRelations/FinancialReport/NYPCB ENG 20200325.pdf,4538b08c909b03e49684b0eac1fec71a8584a00c9b7a5a999b7b1e9c2fbe5b6d,10,customer_inventory_correction,INVENTORY_CORRECTION,DOWN,,,,event,"The sales ratio of PC and telecom application products grew.  Impacted from the end of life cycle of game consoles and inventory adjustment of wearable device clients, Nan Ya PCB’s consumer electronics contribution slightly dropped. Financial Status Revenue S",capacity;company_revenue;downside;financials;guidance;product_mix;utilization,SOURCE_PERMISSION,(?:inventory correction|inventory adjustment|庫存調整|庫存去化|去庫存),CANDIDATE,4538b08c909b03e49684b0eac1fec71a8584a00c9b7a5a999b7b1e9c2fbe5b6d,persistent/abf_documents/8046/4538b08c909b03e49684b0eac1fec71a8584a00c9b7a5a999b7b1e9c2fbe5b6d.pdf,37183888541-1
nypcb_ir,8046,Nan Ya PCB,https://www.nanyapcb.com.tw/nypcb/images/InvestorRelations/FinancialReport/NYPCB ENG 20200325.pdf,4538b08c909b03e49684b0eac1fec71a8584a00c9b7a5a999b7b1e9c2fbe5b6d,13,abf_capacity_history,CAPACITY_EXPANSION,UP,,,,event,"growing . Thus, the profits of 20H1 are expected to exceed 19H1.  To Seek Becoming Operation Profitable in 2020 Sales Expansion: Nan Ya PCB will continue the operation strategies in 2019 to develop high-end telecom equipment, AI/HPC, and SiP appli",capacity;company_revenue;downside;financials;guidance;product_mix;utilization,ABF_CONTEXT,"(?:ABF[^\n]{0,100})?(?:capacity expansion|expand capacity|new line|expansion|擴產|擴充產能|新產線)",CANDIDATE,4538b08c909b03e49684b0eac1fec71a8584a00c9b7a5a999b7b1e9c2fbe5b6d,persistent/abf_documents/8046/4538b08c909b03e49684b0eac1fec71a8584a00c9b7a5a999b7b1e9c2fbe5b6d.pdf,37183888541-1
nypcb_ir,8046,Nan Ya PCB,https://www.nanyapcb.com.tw/nypcb/images/InvestorRelations/FinancialReport/NYPCB ENG 20210303.pdf,b4095079b285f4c11c0a8965d7a77ae2496e3d038dd79100ad4972eeac414704,13,abf_utilization_history,UTILIZATION_EXACT,NEUTRAL,100.0,,,percent,"ted to beat the seasonality. Also, our new high-end IC substrate capacities will be available in 21Q1 and reaching 100% utilization rate in 21Q2 to achieve our goal of 100% production and sales , and spur revenues and profits. Additionally, we apply AI to our manufacturing management to impr",capacity;company_revenue;downside;financials;guidance;product_mix;utilization,ABF_CONTEXT,"(?:ABF[^\n]{0,80})?(?:utilization|loading|稼動率)[^\n]{0,60}?(\d{1,3}(?:\.\d+)?)\s*%",CANDIDATE,b4095079b285f4c11c0a8965d7a77ae2496e3d038dd79100ad4972eeac414704,persistent/abf_documents/8046/b4095079b285f4c11c0a8965d7a77ae2496e3d038dd79100ad4972eeac414704.pdf,37183888541-1
nypcb_ir,8046,Nan Ya PCB,https://www.nanyapcb.com.tw/nypcb/images/InvestorRelations/FinancialReport/NYPCB ENG 20210303.pdf,b4095079b285f4c11c0a8965d7a77ae2496e3d038dd79100ad4972eeac414704,13,abf_capacity_history,CAPACITY_EXPANSION,UP,,,,event,"and software, our 21H1 profits are expected to grow annually.  To Seek quarter on quarter profit growth in 2021 Sales Expansion: Nan Ya PCB will continue the operation strategies in 2020 to develop CPU, high-end telecom equipment, AI, HPC, and hig",capacity;company_revenue;downside;financials;guidance;product_mix;utilization,ABF_CONTEXT,"(?:ABF[^\n]{0,100})?(?:capacity expansion|expand capacity|new line|expansion|擴產|擴充產能|新產線)",CANDIDATE,b4095079b285f4c11c0a8965d7a77ae2496e3d038dd79100ad4972eeac414704,persistent/abf_documents/8046/b4095079b285f4c11c0a8965d7a77ae2496e3d038dd79100ad4972eeac414704.pdf,37183888541-1
nypcb_ir,8046,Nan Ya PCB,https://www.nanyapcb.com.tw/nypcb/images/InvestorRelations/FinancialReport/NYPCB ENG 20210705.pdf,473f2a9dce536dad25a1ce089c89b0c51960dd62611d3dcd7bb199010be24db1,13,abf_capacity_history,CAPACITY_EXPANSION,UP,,,,event,"and software, our 21H2 profits are expected to grow from 21H1.  To Seek quarter on quarter profit growth in 2021 Sales Expansion: Nan Ya PCB will continue the operation strategies in 2020 to develop CPU, high-end telecom equipment, AI, HPC, and hig",capacity;company_revenue;downside;financials;guidance;product_mix;utilization,ABF_CONTEXT,"(?:ABF[^\n]{0,100})?(?:capacity expansion|expand capacity|new line|expansion|擴產|擴充產能|新產線)",CANDIDATE,473f2a9dce536dad25a1ce089c89b0c51960dd62611d3dcd7bb199010be24db1,persistent/abf_documents/8046/473f2a9dce536dad25a1ce089c89b0c51960dd62611d3dcd7bb199010be24db1.pdf,37183888541-1
nypcb_ir,8046,Nan Ya PCB,https://www.nanyapcb.com.tw/nypcb/images/InvestorRelations/FinancialReport/NYPCB ENG 20210812.pdf,597d7bf4dcff587ba170426aeaa57c3f82d52d253d59b78b6cd1bd7ba3fcc943,13,abf_capacity_history,CAPACITY_EXPANSION,UP,,,,event,reasing capacities via debottleneck at Jinshing Campus before the end of 2021 and mass production in 2022 Q1. Finishing ABF substrate expansion at Shulin Campus before the end of 2022 and mass production in 2023 Q1.  Will launch new IC substrate capacity expansi,capacity;company_revenue;downside;financials;guidance;product_mix;utilization,ABF_CONTEXT,"(?:ABF[^\n]{0,100})?(?:capacity expansion|expand capacity|new line|expansion|擴產|擴充產能|新產線)",CANDIDATE,597d7bf4dcff587ba170426aeaa57c3f82d52d253d59b78b6cd1bd7ba3fcc943,persistent/abf_documents/8046/597d7bf4dcff587ba170426aeaa57c3f82d52d253d59b78b6cd1bd7ba3fcc943.pdf,37183888541-1
nypcb_ir,8046,Nan Ya PCB,https://www.nanyapcb.com.tw/nypcb/images/InvestorRelations/FinancialReport/NYPCB ENG 20210812.pdf,597d7bf4dcff587ba170426aeaa57c3f82d52d253d59b78b6cd1bd7ba3fcc943,13,abf_capacity_history,CAPACITY_EXPANSION,UP,,,,event,strate expansion at Shulin Campus before the end of 2022 and mass production in 2023 Q1.  Will launch new IC substrate capacity expansion plans to increase market share and targeting quarter on quarter profit growth.,capacity;company_revenue;downside;financials;guidance;product_mix;utilization,ABF_CONTEXT,"(?:ABF[^\n]{0,100})?(?:capacity expansion|expand capacity|new line|expansion|擴產|擴充產能|新產線)",CANDIDATE,597d7bf4dcff587ba170426aeaa57c3f82d52d253d59b78b6cd1bd7ba3fcc943,persistent/abf_documents/8046/597d7bf4dcff587ba170426aeaa57c3f82d52d253d59b78b6cd1bd7ba3fcc943.pdf,37183888541-1
nypcb_ir,8046,Nan Ya PCB,https://www.nanyapcb.com.tw/nypcb/images/InvestorRelations/FinancialReport/NYPCB ENG 20211006.pdf,28f59a1941a4121c73c317287693af8ef9277afee7f0666bad80e575ef157089,13,abf_capacity_history,CAPACITY_EXPANSION,UP,,,,event,reasing capacities via debottleneck at Jinshing Campus before the end of 2021 and mass production in 2022 Q1. Finishing ABF substrate expansion at Shulin Campus before the end of 2022 and mass production in 2023 Q1. Completing BT substrate capacity expansion in 2,capacity;company_revenue;downside;financials;guidance;product_mix;utilization,ABF_CONTEXT,"(?:ABF[^\n]{0,100})?(?:capacity expansion|expand capacity|new line|expansion|擴產|擴充產能|新產線)",CANDIDATE,28f59a1941a4121c73c317287693af8ef9277afee7f0666bad80e575ef157089,persistent/abf_documents/8046/28f59a1941a4121c73c317287693af8ef9277afee7f0666bad80e575ef157089.pdf,37183888541-1
nypcb_ir,8046,Nan Ya PCB,https://www.nanyapcb.com.tw/nypcb/images/InvestorRelations/FinancialReport/NYPCB ENG 20211006.pdf,28f59a1941a4121c73c317287693af8ef9277afee7f0666bad80e575ef157089,13,abf_capacity_history,CAPACITY_EXPANSION,UP,,,,event,ABF substrate expansion at Shulin Campus before the end of 2022 and mass production in 2023 Q1. Completing BT substrate capacity expansion in 2022 Q1.  Will launch new IC substrate capacity expansion plans to increase market share and targeting quarter on q,capacity;company_revenue;downside;financials;guidance;product_mix;utilization,ABF_CONTEXT,"(?:ABF[^\n]{0,100})?(?:capacity expansion|expand capacity|new line|expansion|擴產|擴充產能|新產線)",CANDIDATE,28f59a1941a4121c73c317287693af8ef9277afee7f0666bad80e575ef157089,persistent/abf_documents/8046/28f59a1941a4121c73c317287693af8ef9277afee7f0666bad80e575ef157089.pdf,37183888541-1
nypcb_ir,8046,Nan Ya PCB,https://www.nanyapcb.com.tw/nypcb/images/InvestorRelations/FinancialReport/NYPCB ENG 20211006.pdf,28f59a1941a4121c73c317287693af8ef9277afee7f0666bad80e575ef157089,13,abf_capacity_history,CAPACITY_EXPANSION,UP,,,,event,2 and mass production in 2023 Q1. Completing BT substrate capacity expansion in 2022 Q1.  Will launch new IC substrate capacity expansion plans to increase market share and targeting quarter on quarter profit growth.,capacity;company_revenue;downside;financials;guidance;product_mix;utilization,ABF_CONTEXT,"(?:ABF[^\n]{0,100})?(?:capacity expansion|expand capacity|new line|expansion|擴產|擴充產能|新產線)",CANDIDATE,28f59a1941a4121c73c317287693af8ef9277afee7f0666bad80e575ef157089,persistent/abf_documents/8046/28f59a1941a4121c73c317287693af8ef9277afee7f0666bad80e575ef157089.pdf,37183888541-1
nypcb_ir,8046,Nan Ya PCB,https://www.nanyapcb.com.tw/nypcb/images/InvestorRelations/FinancialReport/NYPCB ENG 20211110.pdf,861cf46dac49086856137671efd0c2fa652cc5fd9cf0f91a307cfa041d72fc5e,13,abf_capacity_history,CAPACITY_EXPANSION,UP,,,,event,nditions to improve the yield rate and efficiency.  Will continue to increase IC substrate capacities and complete the expansion on time.  BT Substrate Expansion: Expected to operate in 2022Q1  Jinshing Campus ABF Substrate Debottleneck: Expected,capacity;company_revenue;downside;financials;guidance;product_mix;utilization,ABF_CONTEXT,"(?:ABF[^\n]{0,100})?(?:capacity expansion|expand capacity|new line|expansion|擴產|擴充產能|新產線)",CANDIDATE,861cf46dac49086856137671efd0c2fa652cc5fd9cf0f91a307cfa041d72fc5e,persistent/abf_documents/8046/861cf46dac49086856137671efd0c2fa652cc5fd9cf0f91a307cfa041d72fc5e.pdf,37183888541-1
nypcb_ir,8046,Nan Ya PCB,https://www.nanyapcb.com.tw/nypcb/images/InvestorRelations/FinancialReport/NYPCB ENG 20211110.pdf,861cf46dac49086856137671efd0c2fa652cc5fd9cf0f91a307cfa041d72fc5e,13,abf_capacity_history,CAPACITY_EXPANSION,UP,,,,event,and efficiency.  Will continue to increase IC substrate capacities and complete the expansion on time.  BT Substrate Expansion: Expected to operate in 2022Q1  Jinshing Campus ABF Substrate Debottleneck: Expected to operate in 2022Q1  Shulin Cam,capacity;company_revenue;downside;financials;guidance;product_mix;utilization,ABF_CONTEXT,"(?:ABF[^\n]{0,100})?(?:capacity expansion|expand capacity|new line|expansion|擴產|擴充產能|新產線)",CANDIDATE,861cf46dac49086856137671efd0c2fa652cc5fd9cf0f91a307cfa041d72fc5e,persistent/abf_documents/8046/861cf46dac49086856137671efd0c2fa652cc5fd9cf0f91a307cfa041d72fc5e.pdf,37183888541-1
nypcb_ir,8046,Nan Ya PCB,https://www.nanyapcb.com.tw/nypcb/images/InvestorRelations/FinancialReport/NYPCB ENG 20211110.pdf,861cf46dac49086856137671efd0c2fa652cc5fd9cf0f91a307cfa041d72fc5e,13,abf_capacity_history,CAPACITY_EXPANSION,UP,,,,event,apacities and complete the expansion on time.  BT Substrate Expansion: Expected to operate in 2022Q1  Jinshing Campus ABF Substrate Debottleneck: Expected to operate in 2022Q1  Shulin Campus ABF Substrate Expansion Phase 1: Expected to operate in 2023Q1  Kunshan Campus ABF Substrate Expansion Phase 2: Expected to operate in 2023Q1,capacity;company_revenue;downside;financials;guidance;product_mix;utilization,ABF_CONTEXT,"(?:ABF[^\n]{0,100})?(?:capacity expansion|expand capacity|new line|expansion|擴產|擴充產能|新產線)",CANDIDATE,861cf46dac49086856137671efd0c2fa652cc5fd9cf0f91a307cfa041d72fc5e,persistent/abf_documents/8046/861cf46dac49086856137671efd0c2fa652cc5fd9cf0f91a307cfa041d72fc5e.pdf,37183888541-1
nypcb_ir,8046,Nan Ya PCB,https://www.nanyapcb.com.tw/nypcb/images/InvestorRelations/FinancialReport/NYPCB ENG 20211110.pdf,861cf46dac49086856137671efd0c2fa652cc5fd9cf0f91a307cfa041d72fc5e,13,abf_capacity_history,CAPACITY_EXPANSION,UP,,,,event,ed to operate in 2022Q1  Shulin Campus ABF Substrate Expansion Phase 1: Expected to operate in 2023Q1  Kunshan Campus ABF Substrate Expansion Phase 2: Expected to operate in 2023Q1  Shulin Campus ABF Substrate Expansion Phase 2: Expected to operate in 2024Q1  Will depend on the supply and demand situation to further expand capacities to,capacity;company_revenue;downside;financials;guidance;product_mix;utilization,ABF_CONTEXT,"(?:ABF[^\n]{0,100})?(?:capacity expansion|expand capacity|new line|expansion|擴產|擴充產能|新產線)",CANDIDATE,861cf46dac49086856137671efd0c2fa652cc5fd9cf0f91a307cfa041d72fc5e,persistent/abf_documents/8046/861cf46dac49086856137671efd0c2fa652cc5fd9cf0f91a307cfa041d72fc5e.pdf,37183888541-1
nypcb_ir,8046,Nan Ya PCB,https://www.nanyapcb.com.tw/nypcb/images/InvestorRelations/FinancialReport/NYPCB ENG 20220125.pdf,305ec62f7931c5ab832dfd2aa5ea9884c02ca426c38ef63410191149c0e9ac0a,11,abf_capacity_history,CAPACITY_EXPANSION,UP,,,,event,nditions to improve the yield rate and efficiency.  Will continue to increase IC substrate capacities and complete the expansion on time.  Shulin Campus ABF Substrate Expansion Phase 1: Expected to operate in 2023Q1  Kunshan Campus ABF Substrate,capacity;company_revenue;downside;financials;guidance;product_mix;utilization,ABF_CONTEXT,"(?:ABF[^\n]{0,100})?(?:capacity expansion|expand capacity|new line|expansion|擴產|擴充產能|新產線)",CANDIDATE,305ec62f7931c5ab832dfd2aa5ea9884c02ca426c38ef63410191149c0e9ac0a,persistent/abf_documents/8046/305ec62f7931c5ab832dfd2aa5ea9884c02ca426c38ef63410191149c0e9ac0a.pdf,37183888541-1
nypcb_ir,8046,Nan Ya PCB,https://www.nanyapcb.com.tw/nypcb/images/InvestorRelations/FinancialReport/NYPCB ENG 20220125.pdf,305ec62f7931c5ab832dfd2aa5ea9884c02ca426c38ef63410191149c0e9ac0a,11,abf_capacity_history,CAPACITY_EXPANSION,UP,,,,event,and efficiency.  Will continue to increase IC substrate capacities and complete the expansion on time.  Shulin Campus ABF Substrate Expansion Phase 1: Expected to operate in 2023Q1  Kunshan Campus ABF Substrate Expansion Phase 2: Expected to operate in 2023Q1  Shulin Campus ABF Substrate Expansion Phase 2: Expected to operate in 2024Q1 ,capacity;company_revenue;downside;financials;guidance;product_mix;utilization,ABF_CONTEXT,"(?:ABF[^\n]{0,100})?(?:capacity expansion|expand capacity|new line|expansion|擴產|擴充產能|新產線)",CANDIDATE,305ec62f7931c5ab832dfd2aa5ea9884c02ca426c38ef63410191149c0e9ac0a,persistent/abf_documents/8046/305ec62f7931c5ab832dfd2aa5ea9884c02ca426c38ef63410191149c0e9ac0a.pdf,37183888541-1
nypcb_ir,8046,Nan Ya PCB,https://www.nanyapcb.com.tw/nypcb/images/InvestorRelations/FinancialReport/NYPCB ENG 20220125.pdf,305ec62f7931c5ab832dfd2aa5ea9884c02ca426c38ef63410191149c0e9ac0a,11,abf_capacity_history,CAPACITY_EXPANSION,UP,,,,event,"ed to operate in 2023Q1  Kunshan Campus ABF Substrate Expansion Phase 2: Expected to operate in 2023Q1  Shulin Campus ABF Substrate Expansion Phase 2: Expected to operate in 2024Q1  Will continue to implement ESG projects, and set the SBT to reduce emission.",capacity;company_revenue;downside;financials;guidance;product_mix;utilization,ABF_CONTEXT,"(?:ABF[^\n]{0,100})?(?:capacity expansion|expand capacity|new line|expansion|擴產|擴充產能|新產線)",CANDIDATE,305ec62f7931c5ab832dfd2aa5ea9884c02ca426c38ef63410191149c0e9ac0a,persistent/abf_documents/8046/305ec62f7931c5ab832dfd2aa5ea9884c02ca426c38ef63410191149c0e9ac0a.pdf,37183888541-1
nypcb_ir,8046,Nan Ya PCB,https://www.nanyapcb.com.tw/nypcb/images/InvestorRelations/FinancialReport/NYPCB ENG 20220302.pdf,c570bd1faacf65d09e3cc51057a9123a5ca5c65c242c3276c3f351c5344b17cd,12,abf_capacity_history,CAPACITY_EXPANSION,UP,,,,event,"adoption of AI and big data and narrow the line width and space as well as the bump pitch. Also, through cross- strait capacity expansions, we could gain more market shares and will launch: 1. High-end substrates for 5G base stations and cloud servers. 2. H",capacity;company_revenue;downside;financials;guidance;product_mix;utilization,ABF_CONTEXT,"(?:ABF[^\n]{0,100})?(?:capacity expansion|expand capacity|new line|expansion|擴產|擴充產能|新產線)",CANDIDATE,c570bd1faacf65d09e3cc51057a9123a5ca5c65c242c3276c3f351c5344b17cd,persistent/abf_documents/8046/c570bd1faacf65d09e3cc51057a9123a5ca5c65c242c3276c3f351c5344b17cd.pdf,37183888541-1
nypcb_ir,8046,Nan Ya PCB,https://www.nanyapcb.com.tw/nypcb/images/InvestorRelations/FinancialReport/NYPCB ENG 20220302.pdf,c570bd1faacf65d09e3cc51057a9123a5ca5c65c242c3276c3f351c5344b17cd,13,abf_capacity_history,CAPACITY_EXPANSION,UP,,,,event,mprove the yield rate and efficiency.  Will continue to increase IC substrate capacities and complete the cross-strait expansion on time to fulfill the demands from the U.S. and China based clients with the target of 100% utilization rate.  Will c,capacity;company_revenue;downside;financials;guidance;product_mix;utilization,ABF_CONTEXT,"(?:ABF[^\n]{0,100})?(?:capacity expansion|expand capacity|new line|expansion|擴產|擴充產能|新產線)",CANDIDATE,c570bd1faacf65d09e3cc51057a9123a5ca5c65c242c3276c3f351c5344b17cd,persistent/abf_documents/8046/c570bd1faacf65d09e3cc51057a9123a5ca5c65c242c3276c3f351c5344b17cd.pdf,37183888541-1
nypcb_ir,8046,Nan Ya PCB,https://www.nanyapcb.com.tw/nypcb/images/InvestorRelations/FinancialReport/NYPCB ENG 20220808.pdf,3b95a3aac0ef701757a19945ec182bb8821b4bed5c006a25cb35716391bb6de5,12,abf_capacity_history,CAPACITY_EXPANSION,UP,,,,event,"adoption of AI and big data and narrow the line width and space as well as the bump pitch. Also, through cross- strait capacity expansions, we could gain more market shares and will launch: 1. High-end substrates for 5G base stations and cloud servers. 2. H",capacity;company_revenue;downside;financials;guidance;product_mix;utilization,ABF_CONTEXT,"(?:ABF[^\n]{0,100})?(?:capacity expansion|expand capacity|new line|expansion|擴產|擴充產能|新產線)",CANDIDATE,3b95a3aac0ef701757a19945ec182bb8821b4bed5c006a25cb35716391bb6de5,persistent/abf_documents/8046/3b95a3aac0ef701757a19945ec182bb8821b4bed5c006a25cb35716391bb6de5.pdf,37183888541-1
nypcb_ir,8046,Nan Ya PCB,https://www.nanyapcb.com.tw/nypcb/images/InvestorRelations/FinancialReport/NYPCB ENG 20220902.pdf,2c18e92de0268658e25a62ce26ddeaf7b6ed4b73022b6c3f334e4806e3f45fdd,12,abf_capacity_history,CAPACITY_EXPANSION,UP,,,,event,"adoption of AI and big data and narrow the line width and space as well as the bump pitch. Also, through cross- strait capacity expansions, we could gain more market shares and will launch: 1. High-end substrates for 5G base stations and cloud servers. 2. H",capacity;company_revenue;downside;financials;guidance;product_mix;utilization,ABF_CONTEXT,"(?:ABF[^\n]{0,100})?(?:capacity expansion|expand capacity|new line|expansion|擴產|擴充產能|新產線)",CANDIDATE,2c18e92de0268658e25a62ce26ddeaf7b6ed4b73022b6c3f334e4806e3f45fdd,persistent/abf_documents/8046/2c18e92de0268658e25a62ce26ddeaf7b6ed4b73022b6c3f334e4806e3f45fdd.pdf,37183888541-1
nypcb_ir,8046,Nan Ya PCB,https://www.nanyapcb.com.tw/nypcb/images/InvestorRelations/FinancialReport/NYPCB ENG 20230306.pdf,9f0fb58ac402527a26c19950fbecc56d7de3d6b2b9d8c92e50fe0ac88b2bb2e5,12,abf_utilization_history,FULL_UTILIZATION,UP,,,,event,"PC CPU, server CPU, switch chip, and 4nm game console processors. Shulin phase 1 and Kunshan phase 2 are going to reach full utilization in Q1, and we are dedicated to the early production of Shulin phase 2 to further increase the volumes of high value pro",capacity;company_revenue;downside;financials;guidance;product_mix;utilization,ABF_CONTEXT,"(?:ABF[^\n]{0,80})?(?:full utilization|fully utilized|滿載|滿產)",CANDIDATE,9f0fb58ac402527a26c19950fbecc56d7de3d6b2b9d8c92e50fe0ac88b2bb2e5,persistent/abf_documents/8046/9f0fb58ac402527a26c19950fbecc56d7de3d6b2b9d8c92e50fe0ac88b2bb2e5.pdf,37183888541-1
nypcb_ir,8046,Nan Ya PCB,https://www.nanyapcb.com.tw/nypcb/images/InvestorRelations/FinancialReport/NYPCB ENG 20230511.pdf,03c57bcefec39185e74fbc168a72a9147c025986168f82f62099012fd953f82a,6,customer_inventory_correction,INVENTORY_CORRECTION,DOWN,,,,event,"d and lifted the 22Q1 revenue growth from 21Q1.  Revenues in 23Q1 were 16.3% lower than those in 22Q1: Impacted by the inventory correction in CE products, 23Q1 revenues showed YoY decline. NTD Million +34.1% -16.3%",capacity;company_revenue;downside;financials;guidance;product_mix;utilization,SOURCE_PERMISSION,(?:inventory correction|inventory adjustment|庫存調整|庫存去化|去庫存),CANDIDATE,03c57bcefec39185e74fbc168a72a9147c025986168f82f62099012fd953f82a,persistent/abf_documents/8046/03c57bcefec39185e74fbc168a72a9147c025986168f82f62099012fd953f82a.pdf,37183888541-1
nypcb_ir,8046,Nan Ya PCB,https://www.nanyapcb.com.tw/nypcb/images/InvestorRelations/FinancialReport/NYPCB ENG 20230511.pdf,03c57bcefec39185e74fbc168a72a9147c025986168f82f62099012fd953f82a,7,customer_inventory_correction,INVENTORY_CORRECTION,DOWN,,,,event,"he Q4 revenues grew from Q3.  Revenues in 23Q1 were 28.9% lower than those in 22Q3: 23Q1 revenues were affected by the inventory correction in CE products, and showed QoQ decline. +3.0% NTD Million +13.2% -28.9%",capacity;company_revenue;downside;financials;guidance;product_mix;utilization,SOURCE_PERMISSION,(?:inventory correction|inventory adjustment|庫存調整|庫存去化|去庫存),CANDIDATE,03c57bcefec39185e74fbc168a72a9147c025986168f82f62099012fd953f82a,persistent/abf_documents/8046/03c57bcefec39185e74fbc168a72a9147c025986168f82f62099012fd953f82a.pdf,37183888541-1
nypcb_ir,8046,Nan Ya PCB,https://www.nanyapcb.com.tw/nypcb/images/InvestorRelations/FinancialReport/NYPCB ENG 20230511.pdf,03c57bcefec39185e74fbc168a72a9147c025986168f82f62099012fd953f82a,8,customer_inventory_correction,INVENTORY_CORRECTION,DOWN,,,,event,"high-end IC substrate capacities.  Operation profits in 23Q1 were decreasing NTD 1,621.3 Mn from 22Q1: Impacted by the inventory correction in CE products, the sales volumes declined and so did the profits NTD Million +3,052 .1Mn -1,621 .3Mn 16.0% 32.9% 25.2%",capacity;company_revenue;downside;financials;guidance;product_mix;utilization,SOURCE_PERMISSION,(?:inventory correction|inventory adjustment|庫存調整|庫存去化|去庫存),CANDIDATE,03c57bcefec39185e74fbc168a72a9147c025986168f82f62099012fd953f82a,persistent/abf_documents/8046/03c57bcefec39185e74fbc168a72a9147c025986168f82f62099012fd953f82a.pdf,37183888541-1
nypcb_ir,8046,Nan Ya PCB,https://www.nanyapcb.com.tw/nypcb/images/InvestorRelations/FinancialReport/NYPCB ENG 20230511.pdf,03c57bcefec39185e74fbc168a72a9147c025986168f82f62099012fd953f82a,9,customer_inventory_correction,INVENTORY_CORRECTION,DOWN,,,,event,"counts IC substrates propelled the profits  Operation profits in 23Q1 were decreasing NTD 3,794.9 Mn from 22Q4: Due to inventory correction in CE products and traditional slow season, the 23Q1 profits dropped from 22Q4. NTD Million % +1,063 .8Mn +514 .0Mn -3,",capacity;company_revenue;downside;financials;guidance;product_mix;utilization,SOURCE_PERMISSION,(?:inventory correction|inventory adjustment|庫存調整|庫存去化|去庫存),CANDIDATE,03c57bcefec39185e74fbc168a72a9147c025986168f82f62099012fd953f82a,persistent/abf_documents/8046/03c57bcefec39185e74fbc168a72a9147c025986168f82f62099012fd953f82a.pdf,37183888541-1
nypcb_ir,8046,Nan Ya PCB,https://www.nanyapcb.com.tw/nypcb/images/InvestorRelations/FinancialReport/NYPCB ENG 20230511.pdf,03c57bcefec39185e74fbc168a72a9147c025986168f82f62099012fd953f82a,10,customer_inventory_correction,INVENTORY_CORRECTION,DOWN,,,,event,"7  Because of inventory correction in PC and CE, the sales ratios of those application products declined in 23Q1.  The demands in telecom products remain",capacity;company_revenue;downside;financials;guidance;product_mix;utilization,SOURCE_PERMISSION,(?:inventory correction|inventory adjustment|庫存調整|庫存去化|去庫存),CANDIDATE,03c57bcefec39185e74fbc168a72a9147c025986168f82f62099012fd953f82a,persistent/abf_documents/8046/03c57bcefec39185e74fbc168a72a9147c025986168f82f62099012fd953f82a.pdf,37183888541-1
nypcb_ir,8046,Nan Ya PCB,https://www.nanyapcb.com.tw/nypcb/images/InvestorRelations/FinancialReport/NYPCB ENG 20230511.pdf,03c57bcefec39185e74fbc168a72a9147c025986168f82f62099012fd953f82a,12,abf_utilization_history,FULL_UTILIZATION,UP,,,,event,"ates for 4nm PC CPU, server CPU, switch chip, and 5G telecom equipment. Shulin phase 1 and Kunshan phase 2 have reached full utilization in Q1, and we are dedicated to the early production of Shulin phase 2 to further increase the volumes of high value pro",capacity;company_revenue;downside;financials;guidance;product_mix;utilization,ABF_CONTEXT,"(?:ABF[^\n]{0,80})?(?:full utilization|fully utilized|滿載|滿產)",CANDIDATE,03c57bcefec39185e74fbc168a72a9147c025986168f82f62099012fd953f82a,persistent/abf_documents/8046/03c57bcefec39185e74fbc168a72a9147c025986168f82f62099012fd953f82a.pdf,37183888541-1
nypcb_ir,8046,Nan Ya PCB,https://www.nanyapcb.com.tw/nypcb/images/InvestorRelations/FinancialReport/NYPCB ENG 20230719.pdf,df48f78e0734f01fde337d606ca886b7c620becb6daecd3f0653628faade6594,6,customer_inventory_correction,INVENTORY_CORRECTION,DOWN,,,,event,"d and lifted the 22H1 revenue growth from 21H1.  Revenues in 23H1 were 23.6% lower than those in 22H1: Impacted by the inventory correction in CE products, 23H1 revenues showed YoY decline. NTD Million +27.4% -23.6%",capacity;company_revenue;downside;financials;guidance;product_mix;utilization,SOURCE_PERMISSION,(?:inventory correction|inventory adjustment|庫存調整|庫存去化|去庫存),CANDIDATE,df48f78e0734f01fde337d606ca886b7c620becb6daecd3f0653628faade6594,persistent/abf_documents/8046/df48f78e0734f01fde337d606ca886b7c620becb6daecd3f0653628faade6594.pdf,37183888541-1
nypcb_ir,8046,Nan Ya PCB,https://www.nanyapcb.com.tw/nypcb/images/InvestorRelations/FinancialReport/NYPCB ENG 20230719.pdf,df48f78e0734f01fde337d606ca886b7c620becb6daecd3f0653628faade6594,7,customer_inventory_correction,INVENTORY_CORRECTION,DOWN,,,,event,"he Q4 revenues grew from Q3.  Revenues in 23Q1 were 28.9% lower than those in 22Q3: 23Q1 revenues were affected by the inventory correction in CE products, and showed QoQ decline.  Revenues in 23Q2 were 19.5% lower than those in 23Q1: In the 23Q2, due to an",capacity;company_revenue;downside;financials;guidance;product_mix;utilization,SOURCE_PERMISSION,(?:inventory correction|inventory adjustment|庫存調整|庫存去化|去庫存),CANDIDATE,df48f78e0734f01fde337d606ca886b7c620becb6daecd3f0653628faade6594,persistent/abf_documents/8046/df48f78e0734f01fde337d606ca886b7c620becb6daecd3f0653628faade6594.pdf,37183888541-1
nypcb_ir,8046,Nan Ya PCB,https://www.nanyapcb.com.tw/nypcb/images/InvestorRelations/FinancialReport/NYPCB ENG 20230719.pdf,df48f78e0734f01fde337d606ca886b7c620becb6daecd3f0653628faade6594,8,customer_inventory_correction,INVENTORY_CORRECTION,DOWN,,,,event,"high-end IC substrate capacities.  Operation profits in 23H1 were decreasing NTD 5,559.4 Mn from 22H1: Impacted by the inventory correction in CE products, the sales volumes declined and so did the profits NTD Million +5,559 .5Mn -5,559 .4Mn 19.7% 34.2% 20.3%",capacity;company_revenue;downside;financials;guidance;product_mix;utilization,SOURCE_PERMISSION,(?:inventory correction|inventory adjustment|庫存調整|庫存去化|去庫存),CANDIDATE,df48f78e0734f01fde337d606ca886b7c620becb6daecd3f0653628faade6594,persistent/abf_documents/8046/df48f78e0734f01fde337d606ca886b7c620becb6daecd3f0653628faade6594.pdf,37183888541-1
nypcb_ir,8046,Nan Ya PCB,https://www.nanyapcb.com.tw/nypcb/images/InvestorRelations/FinancialReport/NYPCB ENG 20230719.pdf,df48f78e0734f01fde337d606ca886b7c620becb6daecd3f0653628faade6594,9,customer_inventory_correction,INVENTORY_CORRECTION,DOWN,,,,event,"counts IC substrates propelled the profits  Operation profits in 23Q1 were decreasing NTD 3,794.9 Mn from 22Q4: Due to inventory correction in CE products and traditional slow season, the 23Q1 profits dropped from 22Q4.  Operation profits in 23Q2 were decrea",capacity;company_revenue;downside;financials;guidance;product_mix;utilization,SOURCE_PERMISSION,(?:inventory correction|inventory adjustment|庫存調整|庫存去化|去庫存),CANDIDATE,df48f78e0734f01fde337d606ca886b7c620becb6daecd3f0653628faade6594,persistent/abf_documents/8046/df48f78e0734f01fde337d606ca886b7c620becb6daecd3f0653628faade6594.pdf,37183888541-1
nypcb_ir,8046,Nan Ya PCB,https://www.nanyapcb.com.tw/nypcb/images/InvestorRelations/FinancialReport/NYPCB ENG 20230719.pdf,df48f78e0734f01fde337d606ca886b7c620becb6daecd3f0653628faade6594,9,customer_inventory_correction,INVENTORY_CORRECTION,DOWN,,,,event,"ropped from 22Q4.  Operation profits in 23Q2 were decreasing NTD 1,721.1 Mn from 23Q1: PC products continue to undergo inventory adjustments, and 23Q2 profits decreased from 23Q1. NTD Million % -1,721 .1Mn +514 .0Mn -3,794.9Mn 37.5% 39.3% 25.2% 14.3%",capacity;company_revenue;downside;financials;guidance;product_mix;utilization,SOURCE_PERMISSION,(?:inventory correction|inventory adjustment|庫存調整|庫存去化|去庫存),CANDIDATE,df48f78e0734f01fde337d606ca886b7c620becb6daecd3f0653628faade6594,persistent/abf_documents/8046/df48f78e0734f01fde337d606ca886b7c620becb6daecd3f0653628faade6594.pdf,37183888541-1
nypcb_ir,8046,Nan Ya PCB,https://www.nanyapcb.com.tw/nypcb/images/InvestorRelations/FinancialReport/NYPCB ENG 20230719.pdf,df48f78e0734f01fde337d606ca886b7c620becb6daecd3f0653628faade6594,10,customer_inventory_correction,INVENTORY_CORRECTION,DOWN,,,,event,"7  Because of inventory correction in PC and CE, the sales ratios of those application products declined in 23H1.  The demands in telecom products remain",capacity;company_revenue;downside;financials;guidance;product_mix;utilization,SOURCE_PERMISSION,(?:inventory correction|inventory adjustment|庫存調整|庫存去化|去庫存),CANDIDATE,df48f78e0734f01fde337d606ca886b7c620becb6daecd3f0653628faade6594,persistent/abf_documents/8046/df48f78e0734f01fde337d606ca886b7c620becb6daecd3f0653628faade6594.pdf,37183888541-1
nypcb_ir,8046,Nan Ya PCB,https://www.nanyapcb.com.tw/nypcb/images/InvestorRelations/FinancialReport/NYPCB ENG 20230719.pdf,df48f78e0734f01fde337d606ca886b7c620becb6daecd3f0653628faade6594,12,abf_utilization_history,FULL_UTILIZATION,UP,,,,event,"Us, server processors, data center switches, and network control chips. Shulin phase 1 and Kunshan phase 2 have reached full utilization in Q1, and we are dedicated to the early production of Shulin phase 2 to further increase the volumes of high value pro",capacity;company_revenue;downside;financials;guidance;product_mix;utilization,ABF_CONTEXT,"(?:ABF[^\n]{0,80})?(?:full utilization|fully utilized|滿載|滿產)",CANDIDATE,df48f78e0734f01fde337d606ca886b7c620becb6daecd3f0653628faade6594,persistent/abf_documents/8046/df48f78e0734f01fde337d606ca886b7c620becb6daecd3f0653628faade6594.pdf,37183888541-1
nypcb_ir,8046,Nan Ya PCB,https://www.nanyapcb.com.tw/nypcb/images/InvestorRelations/FinancialReport/NYPCB ENG 20231023.pdf,e54883e24be079306f77f2112c3761a63da6b81ff8abcc3d5cca5620114c3daa,6,customer_inventory_correction,INVENTORY_CORRECTION,DOWN,,,,event,"fted the 22Q1~3 revenue growth from 21Q1~3.  Revenues in 23Q1~3 were 29.8% lower than those in 22Q1~3: Impacted by the inventory correction in CE products, 23Q1~3 revenues showed YoY decline. NTD Million +25.3% -29.8%",capacity;company_revenue;downside;financials;guidance;product_mix;utilization,SOURCE_PERMISSION,(?:inventory correction|inventory adjustment|庫存調整|庫存去化|去庫存),CANDIDATE,e54883e24be079306f77f2112c3761a63da6b81ff8abcc3d5cca5620114c3daa,persistent/abf_documents/8046/e54883e24be079306f77f2112c3761a63da6b81ff8abcc3d5cca5620114c3daa.pdf,37183888541-1
nypcb_ir,8046,Nan Ya PCB,https://www.nanyapcb.com.tw/nypcb/images/InvestorRelations/FinancialReport/NYPCB ENG 20231023.pdf,e54883e24be079306f77f2112c3761a63da6b81ff8abcc3d5cca5620114c3daa,7,customer_inventory_correction,INVENTORY_CORRECTION,DOWN,,,,event,"d Revenues(IFRS) in a Year 4  Revenues in 23Q1 were 28.9% lower than those in 22Q3: 23Q1 revenues were affected by the inventory correction in CE products, and showed QoQ decline.  Revenues in 23Q2 were 19.5% lower than those in 23Q1: In the 23Q2, due to an",capacity;company_revenue;downside;financials;guidance;product_mix;utilization,SOURCE_PERMISSION,(?:inventory correction|inventory adjustment|庫存調整|庫存去化|去庫存),CANDIDATE,e54883e24be079306f77f2112c3761a63da6b81ff8abcc3d5cca5620114c3daa,persistent/abf_documents/8046/e54883e24be079306f77f2112c3761a63da6b81ff8abcc3d5cca5620114c3daa.pdf,37183888541-1
nypcb_ir,8046,Nan Ya PCB,https://www.nanyapcb.com.tw/nypcb/images/InvestorRelations/FinancialReport/NYPCB ENG 20231023.pdf,e54883e24be079306f77f2112c3761a63da6b81ff8abcc3d5cca5620114c3daa,8,customer_inventory_correction,INVENTORY_CORRECTION,DOWN,,,,event,"end IC substrate capacities.  Operation profits in 23Q1~3 were decreasing NTD 10,975.0 Mn from 22Q1~3: Impacted by the inventory correction in CE products, the sales volumes declined and so did the profits NTD Million +8,126 .5Mn -10,975.0Mn 22.7% 35.4% 17.1%",capacity;company_revenue;downside;financials;guidance;product_mix;utilization,SOURCE_PERMISSION,(?:inventory correction|inventory adjustment|庫存調整|庫存去化|去庫存),CANDIDATE,e54883e24be079306f77f2112c3761a63da6b81ff8abcc3d5cca5620114c3daa,persistent/abf_documents/8046/e54883e24be079306f77f2112c3761a63da6b81ff8abcc3d5cca5620114c3daa.pdf,37183888541-1
nypcb_ir,8046,Nan Ya PCB,https://www.nanyapcb.com.tw/nypcb/images/InvestorRelations/FinancialReport/NYPCB ENG 20231023.pdf,e54883e24be079306f77f2112c3761a63da6b81ff8abcc3d5cca5620114c3daa,9,customer_inventory_correction,INVENTORY_CORRECTION,DOWN,,,,event,"us Quarterly Operation Profits in a Year 6  Operation profits in 23Q1 were decreasing NTD 3,794.9 Mn from 22Q4: Due to inventory correction in CE products and traditional slow season, the 23Q1 profits dropped from 22Q4.  Operation profits in 23Q2 were decrea",capacity;company_revenue;downside;financials;guidance;product_mix;utilization,SOURCE_PERMISSION,(?:inventory correction|inventory adjustment|庫存調整|庫存去化|去庫存),CANDIDATE,e54883e24be079306f77f2112c3761a63da6b81ff8abcc3d5cca5620114c3daa,persistent/abf_documents/8046/e54883e24be079306f77f2112c3761a63da6b81ff8abcc3d5cca5620114c3daa.pdf,37183888541-1
nypcb_ir,8046,Nan Ya PCB,https://www.nanyapcb.com.tw/nypcb/images/InvestorRelations/FinancialReport/NYPCB ENG 20231023.pdf,e54883e24be079306f77f2112c3761a63da6b81ff8abcc3d5cca5620114c3daa,9,customer_inventory_correction,INVENTORY_CORRECTION,DOWN,,,,event,"ropped from 22Q4.  Operation profits in 23Q2 were decreasing NTD 1,721.1 Mn from 23Q1: PC products continue to undergo inventory adjustments, and 23Q2 profits decreased from 23Q1.  Operation profits in 23Q3 were decreasing NTD 413.4 Mn from 23Q2: 23Q3 profit",capacity;company_revenue;downside;financials;guidance;product_mix;utilization,SOURCE_PERMISSION,(?:inventory correction|inventory adjustment|庫存調整|庫存去化|去庫存),CANDIDATE,e54883e24be079306f77f2112c3761a63da6b81ff8abcc3d5cca5620114c3daa,persistent/abf_documents/8046/e54883e24be079306f77f2112c3761a63da6b81ff8abcc3d5cca5620114c3daa.pdf,37183888541-1
nypcb_ir,8046,Nan Ya PCB,https://www.nanyapcb.com.tw/nypcb/images/InvestorRelations/FinancialReport/NYPCB ENG 20231023.pdf,e54883e24be079306f77f2112c3761a63da6b81ff8abcc3d5cca5620114c3daa,10,customer_inventory_correction,INVENTORY_CORRECTION,DOWN,,,,event,"7  Because of inventory correction in PC and CE, the sales ratios of those application products declined in 23Q1~3.  The demands in telecom products rema",capacity;company_revenue;downside;financials;guidance;product_mix;utilization,SOURCE_PERMISSION,(?:inventory correction|inventory adjustment|庫存調整|庫存去化|去庫存),CANDIDATE,e54883e24be079306f77f2112c3761a63da6b81ff8abcc3d5cca5620114c3daa,persistent/abf_documents/8046/e54883e24be079306f77f2112c3761a63da6b81ff8abcc3d5cca5620114c3daa.pdf,37183888541-1
nypcb_ir,8046,Nan Ya PCB,https://www.nanyapcb.com.tw/nypcb/images/InvestorRelations/FinancialReport/NYPCB ENG 20231023.pdf,e54883e24be079306f77f2112c3761a63da6b81ff8abcc3d5cca5620114c3daa,12,abf_capacity_history,CAPACITY_EXPANSION,UP,,,,event,"rol chips, and AI server ASICs. Also, we are committed to upgrading the Jinxing Campus and advancing the Shulin phase 2 expansion in order to increase the production of high-value products and further enhance profitability.  BT Substrate Given the",capacity;company_revenue;downside;financials;guidance;product_mix;utilization,ABF_CONTEXT,"(?:ABF[^\n]{0,100})?(?:capacity expansion|expand capacity|new line|expansion|擴產|擴充產能|新產線)",CANDIDATE,e54883e24be079306f77f2112c3761a63da6b81ff8abcc3d5cca5620114c3daa,persistent/abf_documents/8046/e54883e24be079306f77f2112c3761a63da6b81ff8abcc3d5cca5620114c3daa.pdf,37183888541-1
nypcb_ir,8046,Nan Ya PCB,https://www.nanyapcb.com.tw/nypcb/images/InvestorRelations/FinancialReport/NYPCB ENG 20240201.pdf,aafcda28e7d047ac55076b693d82d77bcb0544028eb2fac6e6c7a34d9cd6a522,6,customer_inventory_correction,INVENTORY_CORRECTION,DOWN,,,,event,"d and lifted the 2022 revenue growth from 2021.  Revenues in 2023 were 34.6% lower than those in 2022: Impacted by the inventory correction in CE products, 2023 revenues showed YoY decline. NTD Million +23.8% -34.6%",capacity;company_revenue;downside;financials;guidance;product_mix;utilization,SOURCE_PERMISSION,(?:inventory correction|inventory adjustment|庫存調整|庫存去化|去庫存),CANDIDATE,aafcda28e7d047ac55076b693d82d77bcb0544028eb2fac6e6c7a34d9cd6a522,persistent/abf_documents/8046/aafcda28e7d047ac55076b693d82d77bcb0544028eb2fac6e6c7a34d9cd6a522.pdf,37183888541-1
nypcb_ir,8046,Nan Ya PCB,https://www.nanyapcb.com.tw/nypcb/images/InvestorRelations/FinancialReport/NYPCB ENG 20240201.pdf,aafcda28e7d047ac55076b693d82d77bcb0544028eb2fac6e6c7a34d9cd6a522,8,customer_inventory_correction,INVENTORY_CORRECTION,DOWN,,,,event,"igh-end IC substrate capacities.  Operation profits in 2023 were decreasing NTD 17,244.9 Mn from 2022: Impacted by the inventory correction in CE products, the sales volumes declined and so did the profits NTD Million +10,704 .3Mn -17,244.9Mn 24.6% 36.5% 15.0",capacity;company_revenue;downside;financials;guidance;product_mix;utilization,SOURCE_PERMISSION,(?:inventory correction|inventory adjustment|庫存調整|庫存去化|去庫存),CANDIDATE,aafcda28e7d047ac55076b693d82d77bcb0544028eb2fac6e6c7a34d9cd6a522,persistent/abf_documents/8046/aafcda28e7d047ac55076b693d82d77bcb0544028eb2fac6e6c7a34d9cd6a522.pdf,37183888541-1
nypcb_ir,8046,Nan Ya PCB,https://www.nanyapcb.com.tw/nypcb/images/InvestorRelations/FinancialReport/NYPCB ENG 20240201.pdf,aafcda28e7d047ac55076b693d82d77bcb0544028eb2fac6e6c7a34d9cd6a522,9,customer_inventory_correction,INVENTORY_CORRECTION,DOWN,,,,event,"ofits in a Year 6  Operation profits in 23Q2 were decreasing NTD 1,721.1 Mn from 23Q1: PC products continue to undergo inventory adjustments, and 23Q2 profits decreased from 23Q1.  Operation profits in 23Q3 were decreasing NTD 413.4 Mn from 23Q2: 23Q3 profit",capacity;company_revenue;downside;financials;guidance;product_mix;utilization,SOURCE_PERMISSION,(?:inventory correction|inventory adjustment|庫存調整|庫存去化|去庫存),CANDIDATE,aafcda28e7d047ac55076b693d82d77bcb0544028eb2fac6e6c7a34d9cd6a522,persistent/abf_documents/8046/aafcda28e7d047ac55076b693d82d77bcb0544028eb2fac6e6c7a34d9cd6a522.pdf,37183888541-1
nypcb_ir,8046,Nan Ya PCB,https://www.nanyapcb.com.tw/nypcb/images/InvestorRelations/FinancialReport/NYPCB ENG 20240423.pdf,f95b574ca78ec25fe32586dcffa38ba58515ea42de60503be9c3605f25b2281c,6,customer_inventory_correction,INVENTORY_CORRECTION,DOWN,,,,event,"olidated Revenues(IFRS) in Last 3 Years 3  Revenues in 2023 Q1 were 13.6% lower than those in 2022 Q1: Impacted by the inventory correction in CE products, 2023 Q1 revenues showed YoY decline.  Revenues in 2024 Q1 were 43.6% lower than those in 2023 Q1: Due",capacity;company_revenue;downside;financials;guidance;product_mix;utilization,SOURCE_PERMISSION,(?:inventory correction|inventory adjustment|庫存調整|庫存去化|去庫存),CANDIDATE,f95b574ca78ec25fe32586dcffa38ba58515ea42de60503be9c3605f25b2281c,persistent/abf_documents/8046/f95b574ca78ec25fe32586dcffa38ba58515ea42de60503be9c3605f25b2281c.pdf,37183888541-1
nypcb_ir,8046,Nan Ya PCB,https://www.nanyapcb.com.tw/nypcb/images/InvestorRelations/FinancialReport/NYPCB ENG 20240423.pdf,f95b574ca78ec25fe32586dcffa38ba58515ea42de60503be9c3605f25b2281c,6,customer_inventory_correction,INVENTORY_CORRECTION,DOWN,,,,event,"es showed YoY decline.  Revenues in 2024 Q1 were 43.6% lower than those in 2023 Q1: Due to weak PC demands and ongoing inventory correction in telecom, 2024 Q1 revenues were lower than those in the same period of 2023. NTD Million -13.6% -43.6%",capacity;company_revenue;downside;financials;guidance;product_mix;utilization,SOURCE_PERMISSION,(?:inventory correction|inventory adjustment|庫存調整|庫存去化|去庫存),CANDIDATE,f95b574ca78ec25fe32586dcffa38ba58515ea42de60503be9c3605f25b2281c,persistent/abf_documents/8046/f95b574ca78ec25fe32586dcffa38ba58515ea42de60503be9c3605f25b2281c.pdf,37183888541-1
nypcb_ir,8046,Nan Ya PCB,https://www.nanyapcb.com.tw/nypcb/images/InvestorRelations/FinancialReport/NYPCB ENG 20240423.pdf,f95b574ca78ec25fe32586dcffa38ba58515ea42de60503be9c3605f25b2281c,8,customer_inventory_correction,INVENTORY_CORRECTION,DOWN,,,,event,"s(Losses) in Last 3 Years 5  Operation profits in 2023 Q1 were decreasing NTD 1,621.3 Mn from 2022 Q1: Impacted by the inventory correction in CE products, the sales volumes declined and so did the profits.  Operation profits in 2024 Q1 were decreasing NTD 3",capacity;company_revenue;downside;financials;guidance;product_mix;utilization,SOURCE_PERMISSION,(?:inventory correction|inventory adjustment|庫存調整|庫存去化|去庫存),CANDIDATE,f95b574ca78ec25fe32586dcffa38ba58515ea42de60503be9c3605f25b2281c,persistent/abf_documents/8046/f95b574ca78ec25fe32586dcffa38ba58515ea42de60503be9c3605f25b2281c.pdf,37183888541-1
nypcb_ir,8046,Nan Ya PCB,https://www.nanyapcb.com.tw/nypcb/images/InvestorRelations/FinancialReport/NYPCB ENG 20240423.pdf,f95b574ca78ec25fe32586dcffa38ba58515ea42de60503be9c3605f25b2281c,10,customer_inventory_correction,INVENTORY_CORRECTION,DOWN,,,,event,7  Weak demand in PC and ongoing inventory correction in telecom products have led to a decrease in the respective revenue contributions in 24Q1.  The memory market has bee,capacity;company_revenue;downside;financials;guidance;product_mix;utilization,SOURCE_PERMISSION,(?:inventory correction|inventory adjustment|庫存調整|庫存去化|去庫存),CANDIDATE,f95b574ca78ec25fe32586dcffa38ba58515ea42de60503be9c3605f25b2281c,persistent/abf_documents/8046/f95b574ca78ec25fe32586dcffa38ba58515ea42de60503be9c3605f25b2281c.pdf,37183888541-1
nypcb_ir,8046,Nan Ya PCB,https://www.nanyapcb.com.tw/nypcb/images/InvestorRelations/FinancialReport/NYPCB ENG 20240822.pdf,bab11031ef3f82874f8cd3a10bffc00597f4b636a76e3a7a2b1abf10fda07a2e,6,customer_inventory_correction,INVENTORY_CORRECTION,DOWN,,,,event,"olidated Revenues(IFRS) in Last 3 Years 3  Revenues in 2023 H1 were 23.6% lower than those in 2022 H1: Impacted by the inventory correction in CE products, 2023 H1 revenues showed YoY decline.  Revenues in 2024 H1 were 33.0% lower than those in 2023 H1: Due",capacity;company_revenue;downside;financials;guidance;product_mix;utilization,SOURCE_PERMISSION,(?:inventory correction|inventory adjustment|庫存調整|庫存去化|去庫存),CANDIDATE,bab11031ef3f82874f8cd3a10bffc00597f4b636a76e3a7a2b1abf10fda07a2e,persistent/abf_documents/8046/bab11031ef3f82874f8cd3a10bffc00597f4b636a76e3a7a2b1abf10fda07a2e.pdf,37183888541-1
nypcb_ir,8046,Nan Ya PCB,https://www.nanyapcb.com.tw/nypcb/images/InvestorRelations/FinancialReport/NYPCB ENG 20240822.pdf,bab11031ef3f82874f8cd3a10bffc00597f4b636a76e3a7a2b1abf10fda07a2e,6,customer_inventory_correction,INVENTORY_CORRECTION,DOWN,,,,event,"es showed YoY decline.  Revenues in 2024 H1 were 33.0% lower than those in 2023 H1: Due to weak PC demands and ongoing inventory correction in telecom, 2024 H1 revenues were lower than those in the same period of 2023. NTD Million -23.6% -33.0%",capacity;company_revenue;downside;financials;guidance;product_mix;utilization,SOURCE_PERMISSION,(?:inventory correction|inventory adjustment|庫存調整|庫存去化|去庫存),CANDIDATE,bab11031ef3f82874f8cd3a10bffc00597f4b636a76e3a7a2b1abf10fda07a2e,persistent/abf_documents/8046/bab11031ef3f82874f8cd3a10bffc00597f4b636a76e3a7a2b1abf10fda07a2e.pdf,37183888541-1
nypcb_ir,8046,Nan Ya PCB,https://www.nanyapcb.com.tw/nypcb/images/InvestorRelations/FinancialReport/NYPCB ENG 20240822.pdf,bab11031ef3f82874f8cd3a10bffc00597f4b636a76e3a7a2b1abf10fda07a2e,8,customer_inventory_correction,INVENTORY_CORRECTION,DOWN,,,,event,"s(Losses) in Last 3 Years 5  Operation profits in 2023 H1 were decreasing NTD 5,559.4 Mn from 2022 H1: Impacted by the inventory correction in CE products, the sales volumes declined and so did the profits.  Operation profits in 2024 H1 were decreasing NTD 5",capacity;company_revenue;downside;financials;guidance;product_mix;utilization,SOURCE_PERMISSION,(?:inventory correction|inventory adjustment|庫存調整|庫存去化|去庫存),CANDIDATE,bab11031ef3f82874f8cd3a10bffc00597f4b636a76e3a7a2b1abf10fda07a2e,persistent/abf_documents/8046/bab11031ef3f82874f8cd3a10bffc00597f4b636a76e3a7a2b1abf10fda07a2e.pdf,37183888541-1
nypcb_ir,8046,Nan Ya PCB,https://www.nanyapcb.com.tw/nypcb/images/InvestorRelations/FinancialReport/NYPCB ENG 20240822.pdf,bab11031ef3f82874f8cd3a10bffc00597f4b636a76e3a7a2b1abf10fda07a2e,10,customer_inventory_correction,INVENTORY_CORRECTION,DOWN,,,,event,"alization of AI, customers delayed the purchase for telecom products, causing a declining sales ratio in 24H1.  The CE inventory correction came to an end and the demands were improving, leading to a greater sales ratio in 24H1. Financial Status Revenue Struc",capacity;company_revenue;downside;financials;guidance;product_mix;utilization,SOURCE_PERMISSION,(?:inventory correction|inventory adjustment|庫存調整|庫存去化|去庫存),CANDIDATE,bab11031ef3f82874f8cd3a10bffc00597f4b636a76e3a7a2b1abf10fda07a2e,persistent/abf_documents/8046/bab11031ef3f82874f8cd3a10bffc00597f4b636a76e3a7a2b1abf10fda07a2e.pdf,37183888541-1
nypcb_ir,8046,Nan Ya PCB,https://www.nanyapcb.com.tw/nypcb/images/InvestorRelations/FinancialReport/NYPCBENG20241203.pdf,54b69e4ea6536f31dfade612d7ed03b33ae43b02e23dc11c5b56a82d3d21b642,6,customer_inventory_correction,INVENTORY_CORRECTION,DOWN,,,,event,"ed Revenues(IFRS) in Last 3 Years 3  Revenues in 2023 Q1~Q3 were 29.8% lower than those in 2022 Q1~Q3: Impacted by the inventory correction in CE products, 2023 Q1~Q3 revenues showed YoY decline.  Revenues in 2024 Q1~Q3 were 25.9% lower than those in 2023 Q1",capacity;company_revenue;downside;financials;guidance;product_mix;utilization,SOURCE_PERMISSION,(?:inventory correction|inventory adjustment|庫存調整|庫存去化|去庫存),CANDIDATE,54b69e4ea6536f31dfade612d7ed03b33ae43b02e23dc11c5b56a82d3d21b642,persistent/abf_documents/8046/54b69e4ea6536f31dfade612d7ed03b33ae43b02e23dc11c5b56a82d3d21b642.pdf,37183888541-1
nypcb_ir,8046,Nan Ya PCB,https://www.nanyapcb.com.tw/nypcb/images/InvestorRelations/FinancialReport/NYPCBENG20241203.pdf,54b69e4ea6536f31dfade612d7ed03b33ae43b02e23dc11c5b56a82d3d21b642,6,customer_inventory_correction,INVENTORY_CORRECTION,DOWN,,,,event,"3 Q1~Q3 revenues showed YoY decline.  Revenues in 2024 Q1~Q3 were 25.9% lower than those in 2023 Q1~Q3: Due to ongoing inventory correction in telecom, 2024 Q1~Q3 revenues were lower than those in the same period of 2023. NTD Million -29.8% -25.9%",capacity;company_revenue;downside;financials;guidance;product_mix;utilization,SOURCE_PERMISSION,(?:inventory correction|inventory adjustment|庫存調整|庫存去化|去庫存),CANDIDATE,54b69e4ea6536f31dfade612d7ed03b33ae43b02e23dc11c5b56a82d3d21b642,persistent/abf_documents/8046/54b69e4ea6536f31dfade612d7ed03b33ae43b02e23dc11c5b56a82d3d21b642.pdf,37183888541-1
nypcb_ir,8046,Nan Ya PCB,https://www.nanyapcb.com.tw/nypcb/images/InvestorRelations/FinancialReport/NYPCBENG20241203.pdf,54b69e4ea6536f31dfade612d7ed03b33ae43b02e23dc11c5b56a82d3d21b642,8,customer_inventory_correction,INVENTORY_CORRECTION,DOWN,,,,event,"s) in Last 3 Years 5  Operation profits in 2023 Q1~Q3 were decreasing NTD 10,975.0 Mn from 2022 Q1~Q3: Impacted by the inventory correction in CE products, the sales volumes declined and so did the profits.  Operation profits in 2024 Q1~Q3 were decreasing NT",capacity;company_revenue;downside;financials;guidance;product_mix;utilization,SOURCE_PERMISSION,(?:inventory correction|inventory adjustment|庫存調整|庫存去化|去庫存),CANDIDATE,54b69e4ea6536f31dfade612d7ed03b33ae43b02e23dc11c5b56a82d3d21b642,persistent/abf_documents/8046/54b69e4ea6536f31dfade612d7ed03b33ae43b02e23dc11c5b56a82d3d21b642.pdf,37183888541-1
nypcb_ir,8046,Nan Ya PCB,https://www.nanyapcb.com.tw/nypcb/images/InvestorRelations/FinancialReport/NYPCBENG20241203.pdf,54b69e4ea6536f31dfade612d7ed03b33ae43b02e23dc11c5b56a82d3d21b642,10,customer_inventory_correction,INVENTORY_CORRECTION,DOWN,,,,event,"zation of AI, customers delayed the purchase for telecom products, causing a declining sales ratio in 24Q1~Q3.  The CE inventory correction came to an end and the demands were improving, leading to a greater sales ratio in 24Q1~Q3. Financial Status Revenue St",capacity;company_revenue;downside;financials;guidance;product_mix;utilization,SOURCE_PERMISSION,(?:inventory correction|inventory adjustment|庫存調整|庫存去化|去庫存),CANDIDATE,54b69e4ea6536f31dfade612d7ed03b33ae43b02e23dc11c5b56a82d3d21b642,persistent/abf_documents/8046/54b69e4ea6536f31dfade612d7ed03b33ae43b02e23dc11c5b56a82d3d21b642.pdf,37183888541-1
nypcb_ir,8046,Nan Ya PCB,https://www.nanyapcb.com.tw/nypcb/images/InvestorRelations/FinancialReport/NYPCBENG20250219.pdf,c38c40cc026144e7f7989f3b698d32d2dc441fee43d33cb36e750bee074e08bc,6,customer_inventory_correction,INVENTORY_CORRECTION,DOWN,,,,event,"s Consolidated Revenues(IFRS) in Last 3 Years 3  Revenues in 2023 were 34.6% lower than those in 2022: Impacted by the inventory correction in CE products, revenues in 2023 showed YoY decline.  Revenues in 2024 were 23.6% lower than those in 2023: Due to ong",capacity;company_revenue;downside;financials;guidance;product_mix;utilization,SOURCE_PERMISSION,(?:inventory correction|inventory adjustment|庫存調整|庫存去化|去庫存),CANDIDATE,c38c40cc026144e7f7989f3b698d32d2dc441fee43d33cb36e750bee074e08bc,persistent/abf_documents/8046/c38c40cc026144e7f7989f3b698d32d2dc441fee43d33cb36e750bee074e08bc.pdf,37183888541-1
nypcb_ir,8046,Nan Ya PCB,https://www.nanyapcb.com.tw/nypcb/images/InvestorRelations/FinancialReport/NYPCBENG20250219.pdf,c38c40cc026144e7f7989f3b698d32d2dc441fee43d33cb36e750bee074e08bc,6,customer_inventory_correction,INVENTORY_CORRECTION,DOWN,,,,event,"E products, revenues in 2023 showed YoY decline.  Revenues in 2024 were 23.6% lower than those in 2023: Due to ongoing inventory correction in telecom, revenues in 2024 were lower than those in the same period of 2023. NTD Million -29.8% -25.9%",capacity;company_revenue;downside;financials;guidance;product_mix;utilization,SOURCE_PERMISSION,(?:inventory correction|inventory adjustment|庫存調整|庫存去化|去庫存),CANDIDATE,c38c40cc026144e7f7989f3b698d32d2dc441fee43d33cb36e750bee074e08bc,persistent/abf_documents/8046/c38c40cc026144e7f7989f3b698d32d2dc441fee43d33cb36e750bee074e08bc.pdf,37183888541-1
nypcb_ir,8046,Nan Ya PCB,https://www.nanyapcb.com.tw/nypcb/images/InvestorRelations/FinancialReport/NYPCBENG20250219.pdf,c38c40cc026144e7f7989f3b698d32d2dc441fee43d33cb36e750bee074e08bc,8,customer_inventory_correction,INVENTORY_CORRECTION,DOWN,,,,event,"rofits(Losses) in Last 3 Years 5  Operation profits in 2023 were decreasing NTD 17,244.9 Mn from 2022: Impacted by the inventory correction in CE products, the sales volumes declined and so did the profits.  Operation profits in 2024 were decreasing NTD 7,59",capacity;company_revenue;downside;financials;guidance;product_mix;utilization,SOURCE_PERMISSION,(?:inventory correction|inventory adjustment|庫存調整|庫存去化|去庫存),CANDIDATE,c38c40cc026144e7f7989f3b698d32d2dc441fee43d33cb36e750bee074e08bc,persistent/abf_documents/8046/c38c40cc026144e7f7989f3b698d32d2dc441fee43d33cb36e750bee074e08bc.pdf,37183888541-1
nypcb_ir,8046,Nan Ya PCB,https://www.nanyapcb.com.tw/nypcb/images/InvestorRelations/FinancialReport/NYPCBENG20250505.pdf,4ffceb3e6e834a50cc7aab25289eac4f42bd8120495e4acbad65ae0747e760a2,6,customer_inventory_correction,INVENTORY_CORRECTION,DOWN,,,,event,"onsolidated Revenues(IFRS) in Last 3 Years 3  Revenues in 2024 Q1were 43.6% lower than those in 2023Q1: Due to ongoing inventory correction in telecom, revenues in 2024Q1 were lower than those in the same period of 2023.  Revenues in 2025Q1 were 19.1% greate",capacity;company_revenue;downside;financials;guidance;product_mix;utilization,SOURCE_PERMISSION,(?:inventory correction|inventory adjustment|庫存調整|庫存去化|去庫存),CANDIDATE,4ffceb3e6e834a50cc7aab25289eac4f42bd8120495e4acbad65ae0747e760a2,persistent/abf_documents/8046/4ffceb3e6e834a50cc7aab25289eac4f42bd8120495e4acbad65ae0747e760a2.pdf,37183888541-1
nypcb_ir,8046,Nan Ya PCB,https://www.nanyapcb.com.tw/nypcb/images/InvestorRelations/FinancialReport/NYPCBENG20250807.pdf,7ab75c7e11bf60c9e91e7f5d1a5391ecc151b2efdcdcc8db59ec1c02af15124a,6,customer_inventory_correction,INVENTORY_CORRECTION,DOWN,,,,event,"onsolidated Revenues(IFRS) in Last 3 Years 3  Revenues in 2024 H1were 33.0% lower than those in 2023H1: Due to ongoing inventory correction in telecom, revenues in 2024H1 were lower than those in the same period of 2023.  Revenues in 2025H1 were 18.5% greate",capacity;company_revenue;downside;financials;guidance;product_mix;utilization,SOURCE_PERMISSION,(?:inventory correction|inventory adjustment|庫存調整|庫存去化|去庫存),CANDIDATE,7ab75c7e11bf60c9e91e7f5d1a5391ecc151b2efdcdcc8db59ec1c02af15124a,persistent/abf_documents/8046/7ab75c7e11bf60c9e91e7f5d1a5391ecc151b2efdcdcc8db59ec1c02af15124a.pdf,37183888541-1
nypcb_ir,8046,Nan Ya PCB,https://www.nanyapcb.com.tw/nypcb/images/InvestorRelations/FinancialReport/NYPCBENG20251022.pdf,6756dd820b7a18f30d5dd7077355254153c409d7b3842cae2a11feb407d0598e,6,customer_inventory_correction,INVENTORY_CORRECTION,DOWN,,,,event,"lidated Revenues(IFRS) in Last 3 Years 3  Revenues in 2024Q1~3 were 33.0% lower than those in 2023Q1~3: Due to ongoing inventory correction in telecom, revenues in 2024Q1~3 were lower than those in the same period of 2023.  Revenues in 2025Q1~3 were 18.8% gr",capacity;company_revenue;downside;financials;guidance;product_mix;utilization,SOURCE_PERMISSION,(?:inventory correction|inventory adjustment|庫存調整|庫存去化|去庫存),CANDIDATE,6756dd820b7a18f30d5dd7077355254153c409d7b3842cae2a11feb407d0598e,persistent/abf_documents/8046/6756dd820b7a18f30d5dd7077355254153c409d7b3842cae2a11feb407d0598e.pdf,37183888541-1
nypcb_ir,8046,Nan Ya PCB,https://www.nanyapcb.com.tw/nypcb/images/InvestorRelations/FinancialReport/NYPCBENG20260316.pdf,df90f46516f36f9b6f25dea3246a51222acb51337be3016b826519376094f471,6,customer_inventory_correction,INVENTORY_CORRECTION,DOWN,,,,event,"us Consolidated Revenues(IFRS) in Last 3 Years 3  Revenues in 2024 were 23.6% lower than those in 2023: Due to ongoing inventory correction in telecom, revenues in 2024 were lower than those in 2023.  Revenues in 2025 were 24.4% greater than those in 2024: D",capacity;company_revenue;downside;financials;guidance;product_mix;utilization,SOURCE_PERMISSION,(?:inventory correction|inventory adjustment|庫存調整|庫存去化|去庫存),CANDIDATE,df90f46516f36f9b6f25dea3246a51222acb51337be3016b826519376094f471,persistent/abf_documents/8046/df90f46516f36f9b6f25dea3246a51222acb51337be3016b826519376094f471.pdf,37183888541-1
nypcb_ir,8046,Nan Ya PCB,https://www.nanyapcb.com.tw/nypcb/images/InvestorRelations/FinancialReport/NYPCB_E20180420.pdf,be569db0f5545c144c15b5a518f78d46437ea598aff3abc63e62da0ff884b93a,6,customer_inventory_correction,INVENTORY_CORRECTION,DOWN,,,,event,"15: were 2.4% less than those in 2015: were 2.4% less than those in 2015: were 2.4% less than those in 2015: Because of inventory adjustments from clients and p rice competitions from peers, the revenues in 2016 were declining. /square6Revenues in 2017 Revenue",capacity;company_revenue;downside;financials;guidance;product_mix;utilization,SOURCE_PERMISSION,(?:inventory correction|inventory adjustment|庫存調整|庫存去化|去庫存),CANDIDATE,be569db0f5545c144c15b5a518f78d46437ea598aff3abc63e62da0ff884b93a,persistent/abf_documents/8046/be569db0f5545c144c15b5a518f78d46437ea598aff3abc63e62da0ff884b93a.pdf,37183888541-1
nypcb_ir,8046,Nan Ya PCB,https://www.nanyapcb.com.tw/nypcb/images/InvestorRelations/FinancialReport/NYPCB_E20190328.pdf,e70bf3e9084843d1ea312b95e3f9a460b5784207a72712e8b346da1078f879bf,12,abf_capacity_history,CAPACITY_EXPANSION,UP,,,,event,"e the impacts through implementing cost reduction projects. /square6To Seek Becoming Operation Profitable in 2019 Sales Expansion: The Company has collaborated with clients at the stage of product designs to shorten the learning curve. In 2019, we w",capacity;company_revenue;downside;financials;guidance;product_mix;utilization,ABF_CONTEXT,"(?:ABF[^\n]{0,100})?(?:capacity expansion|expand capacity|new line|expansion|擴產|擴充產能|新產線)",CANDIDATE,e70bf3e9084843d1ea312b95e3f9a460b5784207a72712e8b346da1078f879bf,persistent/abf_documents/8046/e70bf3e9084843d1ea312b95e3f9a460b5784207a72712e8b346da1078f879bf.pdf,37183888541-1
