source_id,stock_id,company,source_url,fetch_url,status,content_type,healthy,error,sha256,fallback_for
twse_monthly_3037,3037,Unimicron,https://openapi.twse.com.tw/v1/opendata/t187ap05_L,https://openapi.twse.com.tw/v1/opendata/t187ap05_L,200,application/json,True,,83480ff80b337e936821b45e2cef1c2a48ba92f112fb3e31027501810e8bccf5,
twse_monthly_3189,3189,Kinsus,https://openapi.twse.com.tw/v1/opendata/t187ap05_L,https://openapi.twse.com.tw/v1/opendata/t187ap05_L,200,application/json,True,,83480ff80b337e936821b45e2cef1c2a48ba92f112fb3e31027501810e8bccf5,
twse_monthly_8046,8046,Nan Ya PCB,https://openapi.twse.com.tw/v1/opendata/t187ap05_L,https://openapi.twse.com.tw/v1/opendata/t187ap05_L,200,application/json,True,,83480ff80b337e936821b45e2cef1c2a48ba92f112fb3e31027501810e8bccf5,
mops_doc_3037,3037,Unimicron,https://doc.twse.com.tw/server-java/t57sb01,https://doc.twse.com.tw/server-java/t57sb01,200,text/html,True,,65174ed62b2432d64690a4acff3d302169f6b745b304d2ca0c7ea6c529602c1f,
mops_company_3037,3037,Unimicron,https://mops.twse.com.tw/mops/web/t120sb02_q10,https://mops.twse.com.tw/mops/web/t120sb02_q10,200,text/html,False,health selector missing: 法人說明會一覽表,480d3134536f84c984aedf0252176018313daeaaa45890b0bbb850f292bc9bac,
webpro_3037,3037,Unimicron,https://webpro.twse.com.tw/,https://webpro.twse.com.tw/WebPortal/schedule,200,text/html,True,,9108b676d96419d3b087d76570fc921c95c92a621cecc361970ec3cd90daa7a4,mops_company_3037
webpro_3037,3037,Unimicron,https://webpro.twse.com.tw/,https://webpro.twse.com.tw/WebPortal/schedule,200,text/html,True,,9108b676d96419d3b087d76570fc921c95c92a621cecc361970ec3cd90daa7a4,
kinsus_ir,3189,Kinsus,https://www.kinsus.com.tw/zh-tw/download/investor_conferences/index,https://www.kinsus.com.tw/zh-tw/download/investor_conferences/index,200,text/html,True,,a09aab0d1fe7c23f5682c8389cc8fbe13f89fec9acdd81dcbfb62528d87d008e,
kinsus_esg,3189,Kinsus,https://www.kinsus.com.tw/en/download/sustainability_reports/index,https://www.kinsus.com.tw/en/download/sustainability_reports/index,200,text/html,True,,cb7e3addd2a2f1678777c6c269609bb009e9090db288b7e7fb6fbbab5dfc1017,
kinsus_monthly,3189,Kinsus,https://www.kinsus.com.tw/en/annual/monthly_revenue,https://www.kinsus.com.tw/en/annual/monthly_revenue,200,text/html,True,,4be1630763c8c5e96e8eb2f8f78784daf007766111b67b19b235abe09d7db8ab,
mops_company_3189,3189,Kinsus,https://mops.twse.com.tw/mops/web/t120sb02_q10,https://mops.twse.com.tw/mops/web/t120sb02_q10,200,text/html,False,health selector missing: 法人說明會一覽表,ce5150e280c050e85ee00b26b71a36ddf30361e156d7af870f6e350e728eac16,
kinsus_ir,3189,Kinsus,https://www.kinsus.com.tw/zh-tw/download/investor_conferences/index,https://www.kinsus.com.tw/zh-tw/download/investor_conferences/index,200,text/html,True,,a09aab0d1fe7c23f5682c8389cc8fbe13f89fec9acdd81dcbfb62528d87d008e,mops_company_3189
nypcb_ir,8046,Nan Ya PCB,https://www.nanyapcb.com.tw/nypcb/english/InvestorRelations/FinancialReports,https://www.nanyapcb.com.tw/nypcb/english/InvestorRelations/FinancialReports,200,text/html,True,,505ab2442d1f5d9490623822535ec95b407fc712301ffef7f7b3eb621cc580ce,
nypcb_abf_roadmap,8046,Nan Ya PCB,https://www.nanyapcb.com.tw/nypcb/chinese/Technology/ABFSRoadmap,https://www.nanyapcb.com.tw/nypcb/chinese/Technology/ABFSRoadmap,200,text/html,True,,1ad75ea7f96f8c4d8fe867b988adcb6e1929c879de823397da62cece8a0da74c,
mops_company_8046,8046,Nan Ya PCB,https://mops.twse.com.tw/mops/web/t120sb02_q10,https://mops.twse.com.tw/mops/web/t120sb02_q10,200,text/html,False,health selector missing: 法人說明會一覽表,0d9b3bf1c97b8355c78dfed4528a3aed73a88030383a24dd4b689237ab52e1ff,
nypcb_ir,8046,Nan Ya PCB,https://www.nanyapcb.com.tw/nypcb/english/InvestorRelations/FinancialReports,https://www.nanyapcb.com.tw/nypcb/english/InvestorRelations/FinancialReports,200,text/html,True,,fdd184f48070cde85fc7f96ebf7cf2531c2d9316cfd7be13fcd6a5011c212f04,mops_company_8046
webpro_8046,8046,Nan Ya PCB,https://webpro.twse.com.tw/,https://webpro.twse.com.tw/WebPortal/schedule,200,text/html,True,,9108b676d96419d3b087d76570fc921c95c92a621cecc361970ec3cd90daa7a4,
