統計項目,貨品別,資料期(民國年),統計值(金額),計量單位
外銷訂單金額_美元,資訊與通信產品,07301,92,百萬美元
外銷訂單金額_美元,資訊與通信產品,07302,81,百萬美元
外銷訂單金額_美元,資訊與通信產品,07303,99,百萬美元
外銷訂單金額_美元,資訊與通信產品,07304,98,百萬美元
外銷訂單金額_美元,資訊與通信產品,07305,101,百萬美元
外銷訂單金額_美元,資訊與通信產品,07306,97,百萬美元
外銷訂單金額_美元,資訊與通信產品,07307,97,百萬美元
外銷訂單金額_美元,資訊與通信產品,07308,96,百萬美元
外銷訂單金額_美元,資訊與通信產品,07309,88,百萬美元
外銷訂單金額_美元,資訊與通信產品,07310,90,百萬美元
外銷訂單金額_美元,資訊與通信產品,07311,89,百萬美元
外銷訂單金額_美元,資訊與通信產品,07312,86,百萬美元
外銷訂單金額_美元,資訊與通信產品,07401,109,百萬美元
外銷訂單金額_美元,資訊與通信產品,07402,96,百萬美元
外銷訂單金額_美元,資訊與通信產品,07403,119,百萬美元
外銷訂單金額_美元,資訊與通信產品,07404,110,百萬美元
外銷訂單金額_美元,資訊與通信產品,07405,117,百萬美元
外銷訂單金額_美元,資訊與通信產品,07406,107,百萬美元
外銷訂單金額_美元,資訊與通信產品,07407,109,百萬美元
外銷訂單金額_美元,資訊與通信產品,07408,111,百萬美元
外銷訂單金額_美元,資訊與通信產品,07409,106,百萬美元
外銷訂單金額_美元,資訊與通信產品,07410,117,百萬美元
外銷訂單金額_美元,資訊與通信產品,07411,113,百萬美元
外銷訂單金額_美元,資訊與通信產品,07412,119,百萬美元
外銷訂單金額_美元,資訊與通信產品,07501,187,百萬美元
外銷訂單金額_美元,資訊與通信產品,07502,149,百萬美元
外銷訂單金額_美元,資訊與通信產品,07503,197,百萬美元
外銷訂單金額_美元,資訊與通信產品,07504,194,百萬美元
外銷訂單金額_美元,資訊與通信產品,07505,209,百萬美元
外銷訂單金額_美元,資訊與通信產品,07506,200,百萬美元
外銷訂單金額_美元,資訊與通信產品,07507,211,百萬美元
外銷訂單金額_美元,資訊與通信產品,07508,215,百萬美元
外銷訂單金額_美元,資訊與通信產品,07509,207,百萬美元
外銷訂單金額_美元,資訊與通信產品,07510,235,百萬美元
外銷訂單金額_美元,資訊與通信產品,07511,232,百萬美元
外銷訂單金額_美元,資訊與通信產品,07512,232,百萬美元
外銷訂單金額_美元,資訊與通信產品,07601,270,百萬美元
外銷訂單金額_美元,資訊與通信產品,07602,268,百萬美元
外銷訂單金額_美元,資訊與通信產品,07603,304,百萬美元
外銷訂單金額_美元,資訊與通信產品,07604,330,百萬美元
外銷訂單金額_美元,資訊與通信產品,07605,320,百萬美元
外銷訂單金額_美元,資訊與通信產品,07606,331,百萬美元
外銷訂單金額_美元,資訊與通信產品,07607,330,百萬美元
外銷訂單金額_美元,資訊與通信產品,07608,319,百萬美元
外銷訂單金額_美元,資訊與通信產品,07609,335,百萬美元
外銷訂單金額_美元,資訊與通信產品,07610,332,百萬美元
外銷訂單金額_美元,資訊與通信產品,07611,331,百萬美元
外銷訂單金額_美元,資訊與通信產品,07612,342,百萬美元
外銷訂單金額_美元,資訊與通信產品,07701,384,百萬美元
外銷訂單金額_美元,資訊與通信產品,07702,358,百萬美元
外銷訂單金額_美元,資訊與通信產品,07703,429,百萬美元
外銷訂單金額_美元,資訊與通信產品,07704,438,百萬美元
外銷訂單金額_美元,資訊與通信產品,07705,429,百萬美元
外銷訂單金額_美元,資訊與通信產品,07706,422,百萬美元
外銷訂單金額_美元,資訊與通信產品,07707,420,百萬美元
外銷訂單金額_美元,資訊與通信產品,07708,418,百萬美元
外銷訂單金額_美元,資訊與通信產品,07709,409,百萬美元
外銷訂單金額_美元,資訊與通信產品,07710,438,百萬美元
外銷訂單金額_美元,資訊與通信產品,07711,429,百萬美元
外銷訂單金額_美元,資訊與通信產品,07712,449,百萬美元
外銷訂單金額_美元,資訊與通信產品,07801,337,百萬美元
外銷訂單金額_美元,資訊與通信產品,07802,275,百萬美元
外銷訂單金額_美元,資訊與通信產品,07803,394,百萬美元
外銷訂單金額_美元,資訊與通信產品,07804,373,百萬美元
外銷訂單金額_美元,資訊與通信產品,07805,346,百萬美元
外銷訂單金額_美元,資訊與通信產品,07806,364,百萬美元
外銷訂單金額_美元,資訊與通信產品,07807,365,百萬美元
外銷訂單金額_美元,資訊與通信產品,07808,355,百萬美元
外銷訂單金額_美元,資訊與通信產品,07809,387,百萬美元
外銷訂單金額_美元,資訊與通信產品,07810,370,百萬美元
外銷訂單金額_美元,資訊與通信產品,07811,449,百萬美元
外銷訂單金額_美元,資訊與通信產品,07812,437,百萬美元
外銷訂單金額_美元,資訊與通信產品,07901,367,百萬美元
外銷訂單金額_美元,資訊與通信產品,07902,392,百萬美元
外銷訂單金額_美元,資訊與通信產品,07903,448,百萬美元
外銷訂單金額_美元,資訊與通信產品,07904,451,百萬美元
外銷訂單金額_美元,資訊與通信產品,07905,413,百萬美元
外銷訂單金額_美元,資訊與通信產品,07906,380,百萬美元
外銷訂單金額_美元,資訊與通信產品,07907,387,百萬美元
外銷訂單金額_美元,資訊與通信產品,07908,368,百萬美元
外銷訂單金額_美元,資訊與通信產品,07909,427,百萬美元
外銷訂單金額_美元,資訊與通信產品,07910,482,百萬美元
外銷訂單金額_美元,資訊與通信產品,07911,415,百萬美元
外銷訂單金額_美元,資訊與通信產品,07912,428,百萬美元
外銷訂單金額_美元,資訊與通信產品,08001,428,百萬美元
外銷訂單金額_美元,資訊與通信產品,08002,389,百萬美元
外銷訂單金額_美元,資訊與通信產品,08003,428,百萬美元
外銷訂單金額_美元,資訊與通信產品,08004,448,百萬美元
外銷訂單金額_美元,資訊與通信產品,08005,464,百萬美元
外銷訂單金額_美元,資訊與通信產品,08006,502,百萬美元
外銷訂單金額_美元,資訊與通信產品,08007,541,百萬美元
外銷訂單金額_美元,資訊與通信產品,08008,511,百萬美元
外銷訂單金額_美元,資訊與通信產品,08009,550,百萬美元
外銷訂單金額_美元,資訊與通信產品,08010,579,百萬美元
外銷訂單金額_美元,資訊與通信產品,08011,501,百萬美元
外銷訂單金額_美元,資訊與通信產品,08012,518,百萬美元
外銷訂單金額_美元,資訊與通信產品,08101,545,百萬美元
外銷訂單金額_美元,資訊與通信產品,08102,494,百萬美元
外銷訂單金額_美元,資訊與通信產品,08103,569,百萬美元
外銷訂單金額_美元,資訊與通信產品,08104,588,百萬美元
外銷訂單金額_美元,資訊與通信產品,08105,544,百萬美元
外銷訂單金額_美元,資訊與通信產品,08106,554,百萬美元
外銷訂單金額_美元,資訊與通信產品,08107,541,百萬美元
外銷訂單金額_美元,資訊與通信產品,08108,531,百萬美元
外銷訂單金額_美元,資訊與通信產品,08109,526,百萬美元
外銷訂單金額_美元,資訊與通信產品,08110,522,百萬美元
外銷訂單金額_美元,資訊與通信產品,08111,585,百萬美元
外銷訂單金額_美元,資訊與通信產品,08112,602,百萬美元
外銷訂單金額_美元,資訊與通信產品,08201,510,百萬美元
外銷訂單金額_美元,資訊與通信產品,08202,573,百萬美元
外銷訂單金額_美元,資訊與通信產品,08203,739,百萬美元
外銷訂單金額_美元,資訊與通信產品,08204,600,百萬美元
外銷訂單金額_美元,資訊與通信產品,08205,687,百萬美元
外銷訂單金額_美元,資訊與通信產品,08206,701,百萬美元
外銷訂單金額_美元,資訊與通信產品,08207,679,百萬美元
外銷訂單金額_美元,資訊與通信產品,08208,842,百萬美元
外銷訂單金額_美元,資訊與通信產品,08209,714,百萬美元
外銷訂單金額_美元,資訊與通信產品,08210,768,百萬美元
外銷訂單金額_美元,資訊與通信產品,08211,829,百萬美元
外銷訂單金額_美元,資訊與通信產品,08212,883,百萬美元
外銷訂單金額_美元,資訊與通信產品,08301,810,百萬美元
外銷訂單金額_美元,資訊與通信產品,08302,667,百萬美元
外銷訂單金額_美元,資訊與通信產品,08303,889,百萬美元
外銷訂單金額_美元,資訊與通信產品,08304,965,百萬美元
外銷訂單金額_美元,資訊與通信產品,08305,849,百萬美元
外銷訂單金額_美元,資訊與通信產品,08306,842,百萬美元
外銷訂單金額_美元,資訊與通信產品,08307,816,百萬美元
外銷訂單金額_美元,資訊與通信產品,08308,851,百萬美元
外銷訂單金額_美元,資訊與通信產品,08309,1064,百萬美元
外銷訂單金額_美元,資訊與通信產品,08310,1017,百萬美元
外銷訂單金額_美元,資訊與通信產品,08311,1007,百萬美元
外銷訂單金額_美元,資訊與通信產品,08312,1026,百萬美元
外銷訂單金額_美元,資訊與通信產品,08401,924,百萬美元
外銷訂單金額_美元,資訊與通信產品,08402,1013,百萬美元
外銷訂單金額_美元,資訊與通信產品,08403,1158,百萬美元
外銷訂單金額_美元,資訊與通信產品,08404,972,百萬美元
外銷訂單金額_美元,資訊與通信產品,08405,1232,百萬美元
外銷訂單金額_美元,資訊與通信產品,08406,1165,百萬美元
外銷訂單金額_美元,資訊與通信產品,08407,1242,百萬美元
外銷訂單金額_美元,資訊與通信產品,08408,1310,百萬美元
外銷訂單金額_美元,資訊與通信產品,08409,1353,百萬美元
外銷訂單金額_美元,資訊與通信產品,08410,1405,百萬美元
外銷訂單金額_美元,資訊與通信產品,08411,1819,百萬美元
外銷訂單金額_美元,資訊與通信產品,08412,1655,百萬美元
外銷訂單金額_美元,資訊與通信產品,08501,1531,百萬美元
外銷訂單金額_美元,資訊與通信產品,08502,1435,百萬美元
外銷訂單金額_美元,資訊與通信產品,08503,1454,百萬美元
外銷訂單金額_美元,資訊與通信產品,08504,1318,百萬美元
外銷訂單金額_美元,資訊與通信產品,08505,1523,百萬美元
外銷訂單金額_美元,資訊與通信產品,08506,1624,百萬美元
外銷訂單金額_美元,資訊與通信產品,08507,1430,百萬美元
外銷訂單金額_美元,資訊與通信產品,08508,1502,百萬美元
外銷訂單金額_美元,資訊與通信產品,08509,1739,百萬美元
外銷訂單金額_美元,資訊與通信產品,08510,1623,百萬美元
外銷訂單金額_美元,資訊與通信產品,08511,1469,百萬美元
外銷訂單金額_美元,資訊與通信產品,08512,1502,百萬美元
外銷訂單金額_美元,資訊與通信產品,08601,1449,百萬美元
外銷訂單金額_美元,資訊與通信產品,08602,1359,百萬美元
外銷訂單金額_美元,資訊與通信產品,08603,1668,百萬美元
外銷訂單金額_美元,資訊與通信產品,08604,1717,百萬美元
外銷訂單金額_美元,資訊與通信產品,08605,1653,百萬美元
外銷訂單金額_美元,資訊與通信產品,08606,1775,百萬美元
外銷訂單金額_美元,資訊與通信產品,08607,1665,百萬美元
外銷訂單金額_美元,資訊與通信產品,08608,1654,百萬美元
外銷訂單金額_美元,資訊與通信產品,08609,1907,百萬美元
外銷訂單金額_美元,資訊與通信產品,08610,1978,百萬美元
外銷訂單金額_美元,資訊與通信產品,08611,1820,百萬美元
外銷訂單金額_美元,資訊與通信產品,08612,1764,百萬美元
外銷訂單金額_美元,資訊與通信產品,08701,1616,百萬美元
外銷訂單金額_美元,資訊與通信產品,08702,1724,百萬美元
外銷訂單金額_美元,資訊與通信產品,08703,1730,百萬美元
外銷訂單金額_美元,資訊與通信產品,08704,1681,百萬美元
外銷訂單金額_美元,資訊與通信產品,08705,1703,百萬美元
外銷訂單金額_美元,資訊與通信產品,08706,1832,百萬美元
外銷訂單金額_美元,資訊與通信產品,08707,1663,百萬美元
外銷訂單金額_美元,資訊與通信產品,08708,1690,百萬美元
外銷訂單金額_美元,資訊與通信產品,08709,1998,百萬美元
外銷訂單金額_美元,資訊與通信產品,08710,2004,百萬美元
外銷訂單金額_美元,資訊與通信產品,08711,1912,百萬美元
外銷訂單金額_美元,資訊與通信產品,08712,1909,百萬美元
外銷訂單金額_美元,資訊與通信產品,08801,1767,百萬美元
外銷訂單金額_美元,資訊與通信產品,08802,1686,百萬美元
外銷訂單金額_美元,資訊與通信產品,08803,1875,百萬美元
外銷訂單金額_美元,資訊與通信產品,08804,1704,百萬美元
外銷訂單金額_美元,資訊與通信產品,08805,1785,百萬美元
外銷訂單金額_美元,資訊與通信產品,08806,1996,百萬美元
外銷訂單金額_美元,資訊與通信產品,08807,1941,百萬美元
外銷訂單金額_美元,資訊與通信產品,08808,2039,百萬美元
外銷訂單金額_美元,資訊與通信產品,08809,2064,百萬美元
外銷訂單金額_美元,資訊與通信產品,08810,2255,百萬美元
外銷訂單金額_美元,資訊與通信產品,08811,2379,百萬美元
外銷訂單金額_美元,資訊與通信產品,08812,1966,百萬美元
外銷訂單金額_美元,資訊與通信產品,08901,1922,百萬美元
外銷訂單金額_美元,資訊與通信產品,08902,1882,百萬美元
外銷訂單金額_美元,資訊與通信產品,08903,2419,百萬美元
外銷訂單金額_美元,資訊與通信產品,08904,2233,百萬美元
外銷訂單金額_美元,資訊與通信產品,08905,2438,百萬美元
外銷訂單金額_美元,資訊與通信產品,08906,2579,百萬美元
外銷訂單金額_美元,資訊與通信產品,08907,2283,百萬美元
外銷訂單金額_美元,資訊與通信產品,08908,2323,百萬美元
外銷訂單金額_美元,資訊與通信產品,08909,2737,百萬美元
外銷訂單金額_美元,資訊與通信產品,08910,2434,百萬美元
外銷訂單金額_美元,資訊與通信產品,08911,2312,百萬美元
外銷訂單金額_美元,資訊與通信產品,08912,2090,百萬美元
外銷訂單金額_美元,資訊與通信產品,09001,1650,百萬美元
外銷訂單金額_美元,資訊與通信產品,09002,1856,百萬美元
外銷訂單金額_美元,資訊與通信產品,09003,2394,百萬美元
外銷訂單金額_美元,資訊與通信產品,09004,2068,百萬美元
外銷訂單金額_美元,資訊與通信產品,09005,1879,百萬美元
外銷訂單金額_美元,資訊與通信產品,09006,2022,百萬美元
外銷訂單金額_美元,資訊與通信產品,09007,1955,百萬美元
外銷訂單金額_美元,資訊與通信產品,09008,1918,百萬美元
外銷訂單金額_美元,資訊與通信產品,09009,1742,百萬美元
外銷訂單金額_美元,資訊與通信產品,09010,2221,百萬美元
外銷訂單金額_美元,資訊與通信產品,09011,2416,百萬美元
外銷訂單金額_美元,資訊與通信產品,09012,2128,百萬美元
外銷訂單金額_美元,資訊與通信產品,09101,2050,百萬美元
外銷訂單金額_美元,資訊與通信產品,09102,2127,百萬美元
外銷訂單金額_美元,資訊與通信產品,09103,2599,百萬美元
外銷訂單金額_美元,資訊與通信產品,09104,2549,百萬美元
外銷訂單金額_美元,資訊與通信產品,09105,2614,百萬美元
外銷訂單金額_美元,資訊與通信產品,09106,2433,百萬美元
外銷訂單金額_美元,資訊與通信產品,09107,2231,百萬美元
外銷訂單金額_美元,資訊與通信產品,09108,2480,百萬美元
外銷訂單金額_美元,資訊與通信產品,09109,2611,百萬美元
外銷訂單金額_美元,資訊與通信產品,09110,2844,百萬美元
外銷訂單金額_美元,資訊與通信產品,09111,2912,百萬美元
外銷訂單金額_美元,資訊與通信產品,09112,2730,百萬美元
外銷訂單金額_美元,資訊與通信產品,09201,2594,百萬美元
外銷訂單金額_美元,資訊與通信產品,09202,2419,百萬美元
外銷訂單金額_美元,資訊與通信產品,09203,2676,百萬美元
外銷訂單金額_美元,資訊與通信產品,09204,2774,百萬美元
外銷訂單金額_美元,資訊與通信產品,09205,2716,百萬美元
外銷訂單金額_美元,資訊與通信產品,09206,2804,百萬美元
外銷訂單金額_美元,資訊與通信產品,09207,2880,百萬美元
外銷訂單金額_美元,資訊與通信產品,09208,2774,百萬美元
外銷訂單金額_美元,資訊與通信產品,09209,3322,百萬美元
外銷訂單金額_美元,資訊與通信產品,09210,3427,百萬美元
外銷訂單金額_美元,資訊與通信產品,09211,3385,百萬美元
外銷訂單金額_美元,資訊與通信產品,09212,3232,百萬美元
外銷訂單金額_美元,資訊與通信產品,09301,2801,百萬美元
外銷訂單金額_美元,資訊與通信產品,09302,2848,百萬美元
外銷訂單金額_美元,資訊與通信產品,09303,3279,百萬美元
外銷訂單金額_美元,資訊與通信產品,09304,3123,百萬美元
外銷訂單金額_美元,資訊與通信產品,09305,2834,百萬美元
外銷訂單金額_美元,資訊與通信產品,09306,3330,百萬美元
外銷訂單金額_美元,資訊與通信產品,09307,3184,百萬美元
外銷訂單金額_美元,資訊與通信產品,09308,3099,百萬美元
外銷訂單金額_美元,資訊與通信產品,09309,3822,百萬美元
外銷訂單金額_美元,資訊與通信產品,09310,4194,百萬美元
外銷訂單金額_美元,資訊與通信產品,09311,3933,百萬美元
外銷訂單金額_美元,資訊與通信產品,09312,3848,百萬美元
外銷訂單金額_美元,資訊與通信產品,09401,3010,百萬美元
外銷訂單金額_美元,資訊與通信產品,09402,3011,百萬美元
外銷訂單金額_美元,資訊與通信產品,09403,3550,百萬美元
外銷訂單金額_美元,資訊與通信產品,09404,3802,百萬美元
外銷訂單金額_美元,資訊與通信產品,09405,3553,百萬美元
外銷訂單金額_美元,資訊與通信產品,09406,4033,百萬美元
外銷訂單金額_美元,資訊與通信產品,09407,3855,百萬美元
外銷訂單金額_美元,資訊與通信產品,09408,4253,百萬美元
外銷訂單金額_美元,資訊與通信產品,09409,4883,百萬美元
外銷訂單金額_美元,資訊與通信產品,09410,5248,百萬美元
外銷訂單金額_美元,資訊與通信產品,09411,5634,百萬美元
外銷訂單金額_美元,資訊與通信產品,09412,5342,百萬美元
外銷訂單金額_美元,資訊與通信產品,09501,4753,百萬美元
外銷訂單金額_美元,資訊與通信產品,09502,4311,百萬美元
外銷訂單金額_美元,資訊與通信產品,09503,5328,百萬美元
外銷訂單金額_美元,資訊與通信產品,09504,5079,百萬美元
外銷訂單金額_美元,資訊與通信產品,09505,4454,百萬美元
外銷訂單金額_美元,資訊與通信產品,09506,4785,百萬美元
外銷訂單金額_美元,資訊與通信產品,09507,4504,百萬美元
外銷訂單金額_美元,資訊與通信產品,09508,4685,百萬美元
外銷訂單金額_美元,資訊與通信產品,09509,5286,百萬美元
外銷訂單金額_美元,資訊與通信產品,09510,5786,百萬美元
外銷訂單金額_美元,資訊與通信產品,09511,6521,百萬美元
外銷訂單金額_美元,資訊與通信產品,09512,6242,百萬美元
外銷訂單金額_美元,資訊與通信產品,09601,5831,百萬美元
外銷訂單金額_美元,資訊與通信產品,09602,5252,百萬美元
外銷訂單金額_美元,資訊與通信產品,09603,6638,百萬美元
外銷訂單金額_美元,資訊與通信產品,09604,5928,百萬美元
外銷訂單金額_美元,資訊與通信產品,09605,5684,百萬美元
外銷訂單金額_美元,資訊與通信產品,09606,5879,百萬美元
外銷訂單金額_美元,資訊與通信產品,09607,5884,百萬美元
外銷訂單金額_美元,資訊與通信產品,09608,6171,百萬美元
外銷訂單金額_美元,資訊與通信產品,09609,6793,百萬美元
外銷訂單金額_美元,資訊與通信產品,09610,7043,百萬美元
外銷訂單金額_美元,資訊與通信產品,09611,7240,百萬美元
外銷訂單金額_美元,資訊與通信產品,09612,6606,百萬美元
外銷訂單金額_美元,資訊與通信產品,09701,6275,百萬美元
外銷訂單金額_美元,資訊與通信產品,09702,5437,百萬美元
外銷訂單金額_美元,資訊與通信產品,09703,7172,百萬美元
外銷訂單金額_美元,資訊與通信產品,09704,7097,百萬美元
外銷訂單金額_美元,資訊與通信產品,09705,6687,百萬美元
外銷訂單金額_美元,資訊與通信產品,09706,6583,百萬美元
外銷訂單金額_美元,資訊與通信產品,09707,6810,百萬美元
外銷訂單金額_美元,資訊與通信產品,09708,6916,百萬美元
外銷訂單金額_美元,資訊與通信產品,09709,7514,百萬美元
外銷訂單金額_美元,資訊與通信產品,09710,7881,百萬美元
外銷訂單金額_美元,資訊與通信產品,09711,6406,百萬美元
外銷訂單金額_美元,資訊與通信產品,09712,5078,百萬美元
外銷訂單金額_美元,資訊與通信產品,09801,4363,百萬美元
外銷訂單金額_美元,資訊與通信產品,09802,4862,百萬美元
外銷訂單金額_美元,資訊與通信產品,09803,5841,百萬美元
外銷訂單金額_美元,資訊與通信產品,09804,5943,百萬美元
外銷訂單金額_美元,資訊與通信產品,09805,5891,百萬美元
外銷訂單金額_美元,資訊與通信產品,09806,6772,百萬美元
外銷訂單金額_美元,資訊與通信產品,09807,6562,百萬美元
外銷訂單金額_美元,資訊與通信產品,09808,6289,百萬美元
外銷訂單金額_美元,資訊與通信產品,09809,7695,百萬美元
外銷訂單金額_美元,資訊與通信產品,09810,8325,百萬美元
外銷訂單金額_美元,資訊與通信產品,09811,8578,百萬美元
外銷訂單金額_美元,資訊與通信產品,09812,8202,百萬美元
外銷訂單金額_美元,資訊與通信產品,09901,7559,百萬美元
外銷訂單金額_美元,資訊與通信產品,09902,6990,百萬美元
外銷訂單金額_美元,資訊與通信產品,09903,8192,百萬美元
外銷訂單金額_美元,資訊與通信產品,09904,8080,百萬美元
外銷訂單金額_美元,資訊與通信產品,09905,8203,百萬美元
外銷訂單金額_美元,資訊與通信產品,09906,8548,百萬美元
外銷訂單金額_美元,資訊與通信產品,09907,7713,百萬美元
外銷訂單金額_美元,資訊與通信產品,09908,8515,百萬美元
外銷訂單金額_美元,資訊與通信產品,09909,9401,百萬美元
外銷訂單金額_美元,資訊與通信產品,09910,9216,百萬美元
外銷訂單金額_美元,資訊與通信產品,09911,9236,百萬美元
外銷訂單金額_美元,資訊與通信產品,09912,8936,百萬美元
外銷訂單金額_美元,資訊與通信產品,10001,8075,百萬美元
外銷訂單金額_美元,資訊與通信產品,10002,6739,百萬美元
外銷訂單金額_美元,資訊與通信產品,10003,9774,百萬美元
外銷訂單金額_美元,資訊與通信產品,10004,9063,百萬美元
外銷訂單金額_美元,資訊與通信產品,10005,9222,百萬美元
外銷訂單金額_美元,資訊與通信產品,10006,9561,百萬美元
外銷訂單金額_美元,資訊與通信產品,10007,9394,百萬美元
外銷訂單金額_美元,資訊與通信產品,10008,9356,百萬美元
外銷訂單金額_美元,資訊與通信產品,10009,9673,百萬美元
外銷訂單金額_美元,資訊與通信產品,10010,9877,百萬美元
外銷訂單金額_美元,資訊與通信產品,10011,9338,百萬美元
外銷訂單金額_美元,資訊與通信產品,10012,8956,百萬美元
外銷訂單金額_美元,資訊與通信產品,10101,7566,百萬美元
外銷訂單金額_美元,資訊與通信產品,10102,8093,百萬美元
外銷訂單金額_美元,資訊與通信產品,10103,9149,百萬美元
外銷訂單金額_美元,資訊與通信產品,10104,8643,百萬美元
外銷訂單金額_美元,資訊與通信產品,10105,9000,百萬美元
外銷訂單金額_美元,資訊與通信產品,10106,9753,百萬美元
外銷訂單金額_美元,資訊與通信產品,10107,8922,百萬美元
外銷訂單金額_美元,資訊與通信產品,10108,8557,百萬美元
外銷訂單金額_美元,資訊與通信產品,10109,9511,百萬美元
外銷訂單金額_美元,資訊與通信產品,10110,9844,百萬美元
外銷訂單金額_美元,資訊與通信產品,10111,10944,百萬美元
外銷訂單金額_美元,資訊與通信產品,10112,10581,百萬美元
外銷訂單金額_美元,資訊與通信產品,10201,9244,百萬美元
外銷訂單金額_美元,資訊與通信產品,10202,7248,百萬美元
外銷訂單金額_美元,資訊與通信產品,10203,8645,百萬美元
外銷訂單金額_美元,資訊與通信產品,10204,8852,百萬美元
外銷訂單金額_美元,資訊與通信產品,10205,9231,百萬美元
外銷訂單金額_美元,資訊與通信產品,10206,9376,百萬美元
外銷訂單金額_美元,資訊與通信產品,10207,9164,百萬美元
外銷訂單金額_美元,資訊與通信產品,10208,8964,百萬美元
外銷訂單金額_美元,資訊與通信產品,10209,11048,百萬美元
外銷訂單金額_美元,資訊與通信產品,10210,10663,百萬美元
外銷訂單金額_美元,資訊與通信產品,10211,11745,百萬美元
外銷訂單金額_美元,資訊與通信產品,10212,12012,百萬美元
外銷訂單金額_美元,資訊與通信產品,10301,9303,百萬美元
外銷訂單金額_美元,資訊與通信產品,10302,7476,百萬美元
外銷訂單金額_美元,資訊與通信產品,10303,9386,百萬美元
外銷訂單金額_美元,資訊與通信產品,10304,9466,百萬美元
外銷訂單金額_美元,資訊與通信產品,10305,9484,百萬美元
外銷訂單金額_美元,資訊與通信產品,10306,10203,百萬美元
外銷訂單金額_美元,資訊與通信產品,10307,9114,百萬美元
外銷訂單金額_美元,資訊與通信產品,10308,9424,百萬美元
外銷訂單金額_美元,資訊與通信產品,10309,12850,百萬美元
外銷訂單金額_美元,資訊與通信產品,10310,12905,百萬美元
外銷訂單金額_美元,資訊與通信產品,10311,13694,百萬美元
外銷訂單金額_美元,資訊與通信產品,10312,13780,百萬美元
外銷訂單金額_美元,資訊與通信產品,10401,11136,百萬美元
外銷訂單金額_美元,資訊與通信產品,10402,7983,百萬美元
外銷訂單金額_美元,資訊與通信產品,10403,10598,百萬美元
外銷訂單金額_美元,資訊與通信產品,10404,10046,百萬美元
外銷訂單金額_美元,資訊與通信產品,10405,9703,百萬美元
外銷訂單金額_美元,資訊與通信產品,10406,10385,百萬美元
外銷訂單金額_美元,資訊與通信產品,10407,9882,百萬美元
外銷訂單金額_美元,資訊與通信產品,10408,9868,百萬美元
外銷訂單金額_美元,資訊與通信產品,10409,13549,百萬美元
外銷訂單金額_美元,資訊與通信產品,10410,14324,百萬美元
外銷訂單金額_美元,資訊與通信產品,10411,13635,百萬美元
外銷訂單金額_美元,資訊與通信產品,10412,12125,百萬美元
外銷訂單金額_美元,資訊與通信產品,10501,9887,百萬美元
外銷訂單金額_美元,資訊與通信產品,10502,7842,百萬美元
外銷訂單金額_美元,資訊與通信產品,10503,10297,百萬美元
外銷訂單金額_美元,資訊與通信產品,10504,9037,百萬美元
外銷訂單金額_美元,資訊與通信產品,10505,9363,百萬美元
外銷訂單金額_美元,資訊與通信產品,10506,10338,百萬美元
外銷訂單金額_美元,資訊與通信產品,10507,9556,百萬美元
外銷訂單金額_美元,資訊與通信產品,10508,10517,百萬美元
外銷訂單金額_美元,資訊與通信產品,10509,14632,百萬美元
外銷訂單金額_美元,資訊與通信產品,10510,14452,百萬美元
外銷訂單金額_美元,資訊與通信產品,10511,14582,百萬美元
外銷訂單金額_美元,資訊與通信產品,10512,12998,百萬美元
外銷訂單金額_美元,資訊與通信產品,10601,10549,百萬美元
外銷訂單金額_美元,資訊與通信產品,10602,9713,百萬美元
外銷訂單金額_美元,資訊與通信產品,10603,11369,百萬美元
外銷訂單金額_美元,資訊與通信產品,10604,10224,百萬美元
外銷訂單金額_美元,資訊與通信產品,10605,10132,百萬美元
外銷訂單金額_美元,資訊與通信產品,10606,11469,百萬美元
外銷訂單金額_美元,資訊與通信產品,10607,10887,百萬美元
外銷訂單金額_美元,資訊與通信產品,10608,10537,百萬美元
外銷訂單金額_美元,資訊與通信產品,10609,14669,百萬美元
外銷訂單金額_美元,資訊與通信產品,10610,15874,百萬美元
外銷訂單金額_美元,資訊與通信產品,10611,16249,百萬美元
外銷訂單金額_美元,資訊與通信產品,10612,15896,百萬美元
外銷訂單金額_美元,資訊與通信產品,10701,12395,百萬美元
外銷訂單金額_美元,資訊與通信產品,10702,8880,百萬美元
外銷訂單金額_美元,資訊與通信產品,10703,10804,百萬美元
外銷訂單金額_美元,資訊與通信產品,10704,10194,百萬美元
外銷訂單金額_美元,資訊與通信產品,10705,10557,百萬美元
外銷訂單金額_美元,資訊與通信產品,10706,10599,百萬美元
外銷訂單金額_美元,資訊與通信產品,10707,11474,百萬美元
外銷訂單金額_美元,資訊與通信產品,10708,11592,百萬美元
外銷訂單金額_美元,資訊與通信產品,10709,15575,百萬美元
外銷訂單金額_美元,資訊與通信產品,10710,16353,百萬美元
外銷訂單金額_美元,資訊與通信產品,10711,16251,百萬美元
外銷訂單金額_美元,資訊與通信產品,10712,13836,百萬美元
外銷訂單金額_美元,資訊與通信產品,10801,11680,百萬美元
外銷訂單金額_美元,資訊與通信產品,10802,7896,百萬美元
外銷訂單金額_美元,資訊與通信產品,10803,10795,百萬美元
外銷訂單金額_美元,資訊與通信產品,10804,10532,百萬美元
外銷訂單金額_美元,資訊與通信產品,10805,10658,百萬美元
外銷訂單金額_美元,資訊與通信產品,10806,11094,百萬美元
外銷訂單金額_美元,資訊與通信產品,10807,11111,百萬美元
外銷訂單金額_美元,資訊與通信產品,10808,10471,百萬美元
外銷訂單金額_美元,資訊與通信產品,10809,15417,百萬美元
外銷訂單金額_美元,資訊與通信產品,10810,16315,百萬美元
外銷訂單金額_美元,資訊與通信產品,10811,14942,百萬美元
外銷訂單金額_美元,資訊與通信產品,10812,13893,百萬美元
外銷訂單金額_美元,資訊與通信產品,10901,9700,百萬美元
外銷訂單金額_美元,資訊與通信產品,10902,6046,百萬美元
外銷訂單金額_美元,資訊與通信產品,10903,11537,百萬美元
外銷訂單金額_美元,資訊與通信產品,10904,12486,百萬美元
外銷訂單金額_美元,資訊與通信產品,10905,13020,百萬美元
外銷訂單金額_美元,資訊與通信產品,10906,12992,百萬美元
外銷訂單金額_美元,資訊與通信產品,10907,14436,百萬美元
外銷訂單金額_美元,資訊與通信產品,10908,13233,百萬美元
外銷訂單金額_美元,資訊與通信產品,10909,13935,百萬美元
外銷訂單金額_美元,資訊與通信產品,10910,17027,百萬美元
外銷訂單金額_美元,資訊與通信產品,10911,20823,百萬美元
外銷訂單金額_美元,資訊與通信產品,10912,19206,百萬美元
外銷訂單金額_美元,資訊與通信產品,11001,15093,百萬美元
外銷訂單金額_美元,資訊與通信產品,11002,11393,百萬美元
外銷訂單金額_美元,資訊與通信產品,11003,14024,百萬美元
外銷訂單金額_美元,資訊與通信產品,11004,15455,百萬美元
外銷訂單金額_美元,資訊與通信產品,11005,13566,百萬美元
外銷訂單金額_美元,資訊與通信產品,11006,13890,百萬美元
外銷訂單金額_美元,資訊與通信產品,11007,15078,百萬美元
外銷訂單金額_美元,資訊與通信產品,11008,13838,百萬美元
外銷訂單金額_美元,資訊與通信產品,11009,19389,百萬美元
外銷訂單金額_美元,資訊與通信產品,11010,18511,百萬美元
外銷訂單金額_美元,資訊與通信產品,11011,21186,百萬美元
外銷訂單金額_美元,資訊與通信產品,11012,21642,百萬美元
外銷訂單金額_美元,資訊與通信產品,11101,15687,百萬美元
外銷訂單金額_美元,資訊與通信產品,11102,14775,百萬美元
外銷訂單金額_美元,資訊與通信產品,11103,17297,百萬美元
外銷訂單金額_美元,資訊與通信產品,11104,12140,百萬美元
外銷訂單金額_美元,資訊與通信產品,11105,13936,百萬美元
外銷訂單金額_美元,資訊與通信產品,11106,16942,百萬美元
外銷訂單金額_美元,資訊與通信產品,11107,14956,百萬美元
外銷訂單金額_美元,資訊與通信產品,11108,14271,百萬美元
外銷訂單金額_美元,資訊與通信產品,11109,20361,百萬美元
外銷訂單金額_美元,資訊與通信產品,11110,18449,百萬美元
外銷訂單金額_美元,資訊與通信產品,11111,14728,百萬美元
外銷訂單金額_美元,資訊與通信產品,11112,16432,百萬美元
外銷訂單金額_美元,資訊與通信產品,11201,17226,百萬美元
外銷訂單金額_美元,資訊與通信產品,11202,11772,百萬美元
外銷訂單金額_美元,資訊與通信產品,11203,12741,百萬美元
外銷訂單金額_美元,資訊與通信產品,11204,12032,百萬美元
外銷訂單金額_美元,資訊與通信產品,11205,12615,百萬美元
外銷訂單金額_美元,資訊與通信產品,11206,12297,百萬美元
外銷訂單金額_美元,資訊與通信產品,11207,12734,百萬美元
外銷訂單金額_美元,資訊與通信產品,11208,12190,百萬美元
外銷訂單金額_美元,資訊與通信產品,11209,16448,百萬美元
外銷訂單金額_美元,資訊與通信產品,11210,17496,百萬美元
外銷訂單金額_美元,資訊與通信產品,11211,16197,百萬美元
外銷訂單金額_美元,資訊與通信產品,11212,12273,百萬美元
外銷訂單金額_美元,資訊與通信產品,11301,13908,百萬美元
外銷訂單金額_美元,資訊與通信產品,11302,10447,百萬美元
外銷訂單金額_美元,資訊與通信產品,11303,13285,百萬美元
外銷訂單金額_美元,資訊與通信產品,11304,13045,百萬美元
外銷訂單金額_美元,資訊與通信產品,11305,14059,百萬美元
外銷訂單金額_美元,資訊與通信產品,11306,12744,百萬美元
外銷訂單金額_美元,資訊與通信產品,11307,14134,百萬美元
外銷訂單金額_美元,資訊與通信產品,11308,14142,百萬美元
外銷訂單金額_美元,資訊與通信產品,11309,17595,百萬美元
外銷訂單金額_美元,資訊與通信產品,11310,17580,百萬美元
外銷訂單金額_美元,資訊與通信產品,11311,15824,百萬美元
外銷訂單金額_美元,資訊與通信產品,11312,15251,百萬美元
外銷訂單金額_美元,資訊與通信產品,11401,12445,百萬美元
外銷訂單金額_美元,資訊與通信產品,11402,14637,百萬美元
外銷訂單金額_美元,資訊與通信產品,11403,15518,百萬美元
外銷訂單金額_美元,資訊與通信產品,11404,16582,百萬美元
外銷訂單金額_美元,資訊與通信產品,11405,19367,百萬美元
外銷訂單金額_美元,資訊與通信產品,11406,18774,百萬美元
外銷訂單金額_美元,資訊與通信產品,11407,17553,百萬美元
外銷訂單金額_美元,資訊與通信產品,11408,17061,百萬美元
外銷訂單金額_美元,資訊與通信產品,11409,23427,百萬美元
外銷訂單金額_美元,資訊與通信產品,11410,22573,百萬美元
外銷訂單金額_美元,資訊與通信產品,11411,26801,百萬美元
外銷訂單金額_美元,資訊與通信產品,11412,28684,百萬美元
外銷訂單金額_美元,資訊與通信產品,11501,25146,百萬美元
外銷訂單金額_美元,資訊與通信產品,11502,22723,百萬美元
外銷訂單金額_美元,資訊與通信產品,11503,34285,百萬美元
外銷訂單金額_美元,資訊與通信產品,11504,31457,百萬美元
外銷訂單金額_美元,資訊與通信產品,11505,32374,百萬美元
外銷訂單金額_美元,資訊與通信產品,11506,34153,百萬美元
外銷訂單金額_美元,資訊與通信產品,11507,33269,百萬美元
