source_id,source_scope,source_name,source_type,source_url,source_host,primary,free,use_for,parser_type,refresh_cadence,notes
tpca_industry_history,INDUSTRY,TPCA,Industry chart archive,https://www.tpca.org.tw/web/list_news.php?menu_no=312&mod_no=184,www.tpca.org.tw,true,true,"pcb_revenue_yoy;pcb_material_revenue_yoy;ccl_import_yoy;ccl_export_yoy;rigid_pcb_export_yoy",tpca_news_archive,monthly,"Official TPCA monthly industry charts; existing backfill parser"
moea_glass_cloth_product,INDUSTRY,MOEA,Industrial product production/sales/inventory,https://service.moea.gov.tw/EE520/investigate/InvestigateDA.aspx,service.moea.gov.tw,true,true,"glass_cloth_production;glass_cloth_sales;glass_cloth_inventory;glass_cloth_implied_price",moea_product_stats,monthly,"Product 1123010 glass fiber cloth; official product unit is metric ton"
moea_glass_industry,INDUSTRY,MOEA,Industrial production/sales/inventory value,https://service.moea.gov.tw/EE520/investigate/InvestigateDB.aspx,service.moea.gov.tw,true,true,"glass_cloth_value;glass_cloth_inventory_value;glass_industry_inventory_rate",moea_industry_stats,monthly,"Industry 1123 woven fabrics of glass fibers; includes production/sales/inventory value and inventory rate"
ajinomoto_abf_ir,INDUSTRY,Ajinomoto,Electronic materials IR briefing,https://www.ajinomoto.co.jp/company/en/ir/event/business_briefing.html,www.ajinomoto.co.jp,true,true,"abf_film_demand;abf_application_mix;abf_supply_expansion;abf_supplier_outlook",ajinomoto_ir_archive,quarterly,"Official ABF supplier IR; historical business briefings and videos"
ajinomoto_results,INDUSTRY,Ajinomoto,Quarterly results presentations,https://www.ajinomoto.co.jp/company/en/ir/library/result.html,www.ajinomoto.co.jp,true,true,"abf_film_sales_growth;abf_demand_direction;abf_capacity_event",ajinomoto_results_archive,quarterly,"Official results presentations frequently contain Functional Materials / ABF commentary"
fred_copper,INDUSTRY,FRED/IMF,Global copper price monthly,https://fred.stlouisfed.org/series/PCOPPUSDM,fred.stlouisfed.org,false,true,"copper_price",fred_csv,monthly,"Monthly IMF benchmark copper price distributed via FRED; macro raw-material proxy"
worldbank_copper,INDUSTRY,World Bank,Pink Sheet historical commodity prices,https://thedocs.worldbank.org/en/doc/74e8be41ceb20fa0da750cda2f6b9e4e-0050012026/world-bank-commodities-price-data-the-pink-sheet,thedocs.worldbank.org,true,true,"copper_price",worldbank_xlsx,monthly,"Official public monthly/annual commodity historical Excel; fallback for copper"
customs_trade,INDUSTRY,Customs Administration,Import/export statistics,https://portal.sw.nat.gov.tw/APGA/GA20/GA30,portal.sw.nat.gov.tw,true,true,"glass_fiber_trade;raw_material_trade;electronics_trade",customs_query,monthly,"Official monthly trade query; supports HS codes, value and weight; interactive query may require captcha"
twse_major_info,COMPANY,TWSE,Listed-company daily material information,https://openapi.twse.com.tw/v1/opendata/t187ap04_L,openapi.twse.com.tw,true,true,"capacity_event;guidance;order_event;downside_event",twse_openapi_json,daily,"Structured listed-company material-information feed"
twse_forecast_attainment,COMPANY,TWSE,Quarterly financial forecast attainment,https://openapi.twse.com.tw/v1/opendata/t187ap15_L,openapi.twse.com.tw,true,true,"expectation_gap_proxy;company_forecast_attainment",twse_openapi_json,quarterly,"Free company-forecast expectation proxy; not analyst consensus"
twse_forecast_variance,COMPANY,TWSE,Quarterly actual-vs-forecast variance,https://openapi.twse.com.tw/v1/opendata/t187ap16_L,openapi.twse.com.tw,true,true,"expectation_gap_proxy;forecast_miss_event",twse_openapi_json,quarterly,"Flags >10% quarterly or >20% cumulative forecast variance; not analyst consensus"
