field_name,display_name,unit,frequency,description
revenue,Revenue,TWD bn,quarterly,Quarterly reported revenue
gross_margin,Gross Margin,percent,quarterly,Gross profit divided by revenue
inventory,Inventory,TWD bn,quarterly,Quarter-end inventory balance
accounts_receivable,Accounts Receivable,TWD bn,quarterly,Quarter-end net trade receivables
accounts_payable,Accounts Payable,TWD bn,quarterly,Quarter-end trade payables
dso_days,Days Sales Outstanding,days,quarterly,Approximate quarter-end AR divided by quarterly revenue times 90
dio_days,Days Inventory Outstanding,days,quarterly,Approximate quarter-end inventory divided by absolute quarterly COGS times 90
dpo_days,Days Payables Outstanding,days,quarterly,Approximate quarter-end AP divided by absolute quarterly COGS times 90
cash_conversion_cycle_days,Cash Conversion Cycle,days,quarterly,DSO plus DIO minus DPO
operating_cash_flow,Operating Cash Flow,TWD bn,quarterly,Standalone-quarter OCF deaccumulated from reported YTD cash-flow statement
capex,Capital Expenditure,TWD bn,quarterly,Standalone-quarter PP&E acquisition cash outflow deaccumulated from reported YTD cash-flow statement
free_cash_flow,Free Cash Flow,TWD bn,quarterly,Standalone-quarter OCF minus absolute capex
fcf_margin,FCF Margin,percent,quarterly,Free cash flow divided by quarterly revenue
cfo_to_net_income,CFO to Net Income,ratio,quarterly,Standalone-quarter OCF divided by reported net income
accrual_ratio,Accrual Ratio,ratio,quarterly,Net income minus OCF divided by average total assets
roe_ttm,ROE TTM,percent,quarterly,TTM net income divided by average beginning-ending equity
roe_proxy,ROE Proxy,percent,quarterly,Single-quarter net income divided by ending equity; reference only
property_plant_equipment,PP&E,TWD bn,quarterly,Quarter-end property plant and equipment
eps,Earnings Per Share,TWD,quarterly,Reported quarterly EPS; share-count events can impair cross-period comparability
