factor,category,source,acquisition,basis,pit_method,directness,model_status,notes
monthly_revenue_3m_yoy,Revenue,TWSE/MOPS via FinMind,TaiwanStockMonthRevenue,Rolling quarter sum of reported monthly revenue,"FinMind create_time when present; otherwise statutory next-month 10th proxy",DIRECT,CALIBRATION_ELIGIBLE,"Do not delay availability to quarterly filing date"
revenue_yoy,Revenue,TWSE/MOPS financial statements via FinMind,TaiwanStockFinancialStatements,Quarterly reported revenue YoY,Quarterly filing availability,DIRECT,CALIBRATION_ELIGIBLE,
gross_margin,Profitability,TWSE/MOPS financial statements via FinMind,TaiwanStockFinancialStatements,Gross profit / revenue,Quarterly filing availability,DIRECT,CALIBRATION_ELIGIBLE,
gross_margin_qoq,Profitability,Derived from official financial statements,Factor builder,Quarter-on-quarter gross-margin percentage-point change,Quarterly filing availability,DERIVED,CALIBRATION_ELIGIBLE,
net_income_yoy,Earnings,TWSE/MOPS financial statements via FinMind,TaiwanStockFinancialStatements,Reported net income YoY,Quarterly filing availability,DIRECT,CALIBRATION_ELIGIBLE,"Preferred turnaround earnings-growth input"
eps_yoy,Earnings,TWSE/MOPS financial statements via FinMind,TaiwanStockFinancialStatements,Reported EPS YoY,Quarterly filing availability,DIRECT,REFERENCE_ONLY,"Share-count events can impair historical comparability; fallback only"
roe_ttm,Profitability,Derived from official financial statements/balance sheet,Factor builder,TTM net income / average beginning-ending equity,Quarterly filing availability,DERIVED,CALIBRATION_ELIGIBLE,"Preferred ROE definition"
roe_proxy,Profitability,Derived from official financial statements/balance sheet,Factor builder,Single-quarter net income / ending equity,Quarterly filing availability,DERIVED,REFERENCE_ONLY,"Retained for backwards compatibility; not canonical ROE"
inventory_yoy,Working Capital,TWSE/MOPS balance sheet via FinMind,TaiwanStockBalanceSheet,Reported inventory YoY,Quarterly filing availability,DIRECT,SUPPORT_ONLY,"Inventory growth alone is directionally ambiguous"
inventory_revenue_growth_gap,Working Capital,Derived from balance sheet and revenue,Factor builder,Inventory YoY minus Revenue YoY,Quarterly filing availability,DERIVED,CALIBRATION_CANDIDATE,"More interpretable than inventory growth alone"
accounts_receivable_yoy,Working Capital,TWSE/MOPS balance sheet via FinMind,TaiwanStockBalanceSheet,Reported accounts receivable YoY,Quarterly filing availability,DIRECT,CALIBRATION_CANDIDATE,
ar_revenue_growth_gap,Working Capital,Derived from balance sheet and revenue,Factor builder,AR YoY minus Revenue YoY,Quarterly filing availability,DERIVED,CALIBRATION_CANDIDATE,
dso_days,Working Capital,Derived from balance sheet and quarterly revenue,Factor builder,Quarter-end AR / quarterly revenue x 90,Quarterly filing availability,DERIVED,CALIBRATION_CANDIDATE,"Approximation; average AR would be better"
dio_days,Working Capital,Derived from balance sheet and quarterly COGS,Factor builder,Quarter-end inventory / absolute quarterly COGS x 90,Quarterly filing availability,DERIVED,CALIBRATION_CANDIDATE,"Approximation; average inventory would be better"
dpo_days,Working Capital,Derived from balance sheet and quarterly COGS,Factor builder,Quarter-end AP / absolute quarterly COGS x 90,Quarterly filing availability,DERIVED,CALIBRATION_CANDIDATE,"Approximation; purchases denominator would be better than COGS"
cash_conversion_cycle_days,Working Capital,Derived from DSO/DIO/DPO,Factor builder,DSO + DIO - DPO,Quarterly filing availability,DERIVED,CALIBRATION_CANDIDATE,"Use for direction/change more than exact absolute level"
operating_cash_flow,Cash Flow,TWSE/MOPS cash-flow statement via FinMind,TaiwanStockCashFlowsStatement,Standalone-quarter OCF deaccumulated from reported YTD cash flow,Quarterly filing availability,DERIVED_FROM_DIRECT,CALIBRATION_ELIGIBLE,"Raw statement is YTD cumulative; preserve operating_cash_flow_ytd"
capex,Cash Flow,TWSE/MOPS cash-flow statement via FinMind,TaiwanStockCashFlowsStatement,Standalone-quarter PP&E acquisition cash outflow deaccumulated from YTD,Quarterly filing availability,DERIVED_FROM_DIRECT,CALIBRATION_ELIGIBLE,"Preserve capex_ytd and sign; ratios use absolute outflow"
free_cash_flow,Cash Flow,Derived from official cash-flow statement,Factor builder,Standalone-quarter OCF minus absolute capex,Quarterly filing availability,DERIVED,CALIBRATION_CANDIDATE,
fcf_margin,Cash Flow,Derived from official cash-flow statement and revenue,Factor builder,Free cash flow / quarterly revenue,Quarterly filing availability,DERIVED,CALIBRATION_CANDIDATE,
cfo_to_net_income,Earnings Quality,Derived from official statements,Factor builder,Standalone-quarter OCF / net income,Quarterly filing availability,DERIVED,CALIBRATION_CANDIDATE,"Sensitive when net income is near zero"
accrual_ratio,Earnings Quality,Derived from official statements/balance sheet,Factor builder,(Net income - OCF) / average total assets,Quarterly filing availability,DERIVED,CALIBRATION_CANDIDATE,
capex_to_revenue,Investment Cycle,Derived from official cash-flow statement and revenue,Factor builder,Absolute standalone-quarter capex / revenue,Quarterly filing availability,DERIVED,CALIBRATION_CANDIDATE,
property_plant_equipment_yoy,Investment Cycle,TWSE/MOPS balance sheet via FinMind,TaiwanStockBalanceSheet,PP&E YoY,Quarterly filing availability,DIRECT,CALIBRATION_CANDIDATE,
pe,Valuation,FinMind TaiwanStockPER,Daily valuation feed,PER observed at first trading date on/after feature availability,Feature-specific availability,DIRECT,VALIDATION_INPUT,
pb,Valuation,FinMind TaiwanStockPER,Daily valuation feed,PBR observed at first trading date on/after feature availability,Feature-specific availability,DIRECT,VALIDATION_INPUT,
future_3m_return,Validation Target,FinMind,TaiwanStockPriceAdj preferred / TaiwanStockPrice fallback,Adjusted price when entitlement permits; raw close fallback is explicitly flagged,Starts after fundamental availability,DIRECT_OR_FLAGGED_FALLBACK,VALIDATION_TARGET_CONDITIONAL,"Check return_basis before interpreting validation"
future_6m_return,Validation Target,FinMind,TaiwanStockPriceAdj preferred / TaiwanStockPrice fallback,Adjusted price when entitlement permits; raw close fallback is explicitly flagged,Starts after fundamental availability,DIRECT_OR_FLAGGED_FALLBACK,VALIDATION_TARGET_CONDITIONAL,"Check return_basis before interpreting validation"
future_12m_return,Validation Target,FinMind,TaiwanStockPriceAdj preferred / TaiwanStockPrice fallback,Adjusted price when entitlement permits; raw close fallback is explicitly flagged,Starts after fundamental availability,DIRECT_OR_FLAGGED_FALLBACK,VALIDATION_TARGET_CONDITIONAL,"Check return_basis before interpreting validation"
cycle,Cycle,Derived from cross-sectional revenue data,Factor builder,Median revenue-growth regime across broad universe,Same-period constituent availability,DERIVED,CONDITIONAL,"Disabled when universe has fewer than 20 companies; external cycle preferred"
operating_expenses,Profitability,TWSE/MOPS financial statements via FinMind,TaiwanStockFinancialStatements,Reported operating expenses,Quarterly filing availability,DIRECT,CALIBRATION_CANDIDATE,
opex_to_revenue,Profitability,Derived from official financial statements,Factor builder,Absolute operating expenses / quarterly revenue,Quarterly filing availability,DERIVED,CALIBRATION_CANDIDATE,
non_operating_income_expense,Earnings Quality,TWSE/MOPS financial statements via FinMind,TaiwanStockFinancialStatements,Reported total non-operating income and expense,Quarterly filing availability,DIRECT,CALIBRATION_CANDIDATE,"Aggregate only; does not isolate FX"
non_operating_share_of_pretax,Earnings Quality,Derived from official financial statements,Factor builder,Non-operating income and expense / pre-tax income,Quarterly filing availability,DERIVED,CALIBRATION_CANDIDATE,"Sensitive when pre-tax income is near zero"
income_tax_expense,Earnings Quality,TWSE/MOPS financial statements via FinMind,TaiwanStockFinancialStatements,Reported tax expense,Quarterly filing availability,DIRECT,CALIBRATION_CANDIDATE,
effective_tax_rate,Earnings Quality,Derived from official financial statements,Factor builder,Tax expense / pre-tax income,Quarterly filing availability,DERIVED,CALIBRATION_CANDIDATE,"Interpret cautiously when pre-tax income is negative or near zero"
depreciation,Investment Cycle,TWSE/MOPS cash-flow statement via FinMind,TaiwanStockCashFlowsStatement,Standalone-quarter depreciation deaccumulated from reported YTD,Quarterly filing availability,DERIVED_FROM_DIRECT,CALIBRATION_ELIGIBLE,
amortization,Investment Cycle,TWSE/MOPS cash-flow statement via FinMind,TaiwanStockCashFlowsStatement,Standalone-quarter amortization deaccumulated from reported YTD,Quarterly filing availability,DERIVED_FROM_DIRECT,CALIBRATION_ELIGIBLE,
depreciation_to_revenue,Investment Cycle,Derived from cash-flow statement and revenue,Factor builder,Standalone-quarter depreciation / quarterly revenue,Quarterly filing availability,DERIVED,CALIBRATION_CANDIDATE,
capex_to_depreciation,Investment Cycle,Derived from cash-flow statement,Factor builder,Absolute standalone-quarter capex / standalone-quarter depreciation,Quarterly filing availability,DERIVED,CALIBRATION_CANDIDATE,
asset_turnover_quarterly,Investment Cycle,Derived from balance sheet and revenue,Factor builder,Quarterly revenue / ending PP&E,Quarterly filing availability,DERIVED,SUPPORT_ONLY,"Quarterly approximation; use trends rather than absolute level"
interest_expense,Earnings Quality,TWSE/MOPS cash-flow statement via FinMind,TaiwanStockCashFlowsStatement,Standalone-quarter interest expense deaccumulated from reported YTD,Quarterly filing availability,DERIVED_FROM_DIRECT,CALIBRATION_CANDIDATE,
interest_coverage_proxy,Earnings Quality,Derived from operating income and interest expense,Factor builder,Operating income / absolute interest expense,Quarterly filing availability,DERIVED,SUPPORT_ONLY,"Proxy coverage ratio; not EBIT interest coverage if accounting classifications differ"
